Accession,Raw_Sequence,Numbered_Sequence,CDR_Lengths,Chain_Type
QPY89049.1,EIVLTQSPGTLSLSPGERATLSCRASQSVGSSYLAWYQQKPGQAPRLLIYGAFSRATGIPDRFSGSGSGTDFTLTISRLEPEDFAVYYCQQYGSSPWTFGQGTKVEIK,EIVLTQSPGTLSLSPGERATLSCRASQSVG-----SSYLAWYQQKPGQAPRLLIYGA-------FSRATGIP-DRFSGSG--SGTDFTLTISRLEPEDFAVYYCQQYGS----SPWTFGQGTKVEIK,7_3_9,L
QEP20941.1,DIQMTQSPSSLSASVGDRVTITCRASQGISNSLAWYQQKPGKAPNLLLYAASRLESGVPSRFSGSGSGTDYTLTISSLQPEDFATYYCQQYYRTPLTFGGGSKVEIK,DIQMTQSPSSLSASVGDRVTITCRASQGI------SNSLAWYQQKPGKAPNLLLYAA-------SRLESGVP-SRFSGSG--SGTDYTLTISSLQPEDFATYYCQQYYR----TPLTFGGGSKVEIK,6_3_9,L
AJM03010.1,DIQMTQSPSSLSASVGDRVTITCRASQGIRNYLAWYQQKPGKAPKLLIYAASTLQSGVPSRFSGSGSGTDFTLTISSLQPEDVATYYCQRYNRAPYTFGQGTKVEIK,DIQMTQSPSSLSASVGDRVTITCRASQGI------RNYLAWYQQKPGKAPKLLIYAA-------STLQSGVP-SRFSGSG--SGTDFTLTISSLQPEDVATYYCQRYNR----APYTFGQGTKVEIK,6_3_9,L
AEN40049.1,DIVMTQSPSTLSASVGDRVTITCRASQSISSWLAWYQQKPGKAPKLLMYEASSLESGVPSRFSGSGSGTEFTLTISSLQPDDFAAYYCQHYNTYPYTFGQGTKLEIKR,DIVMTQSPSTLSASVGDRVTITCRASQSI------SSWLAWYQQKPGKAPKLLMYEA-------SSLESGVP-SRFSGSG--SGTEFTLTISSLQPDDFAAYYCQHYNT----YPYTFGQGTKLEIK,6_3_9,L
AYI60297.1,DIQMTQSPSSLSASVGDRVTITCSVSSTISSNHLHWFQQKPGKAPKSLIYGTSNLASGVPSRFSGSGSGTDFTLTISSLQPEDFATYYCQQWSSYPLTFGGGTKVEIKRTVAAPSVFIFPPSDEQLKSGTASVVCLLNNFYPREAKVQWKVDNALQSGNSQESVTEQDSKDSTYSLSSTLTLSKADYEKHKVYACEVTHQGLSSPVTKSFNRGEC,DIQMTQSPSSLSASVGDRVTITCSVSSTIS-----SNHLHWFQQKPGKAPKSLIYGT-------SNLASGVP-SRFSGSG--SGTDFTLTISSLQPEDFATYYCQQWSS----YPLTFGGGTKVEIK,7_3_9,L
ABC66950.1,ALDILMTQSPSSLSASVGDRVTITCRASQSISSYLNWYQQKPGKAPKLLIYVASNLHSGVPSRFSGSGSGTDFSLTINILQPEDFATYYCQQSYSPPLTFGGGTKVEIKRTVAAPSVFKG,DILMTQSPSSLSASVGDRVTITCRASQSI------SSYLNWYQQKPGKAPKLLIYVA-------SNLHSGVP-SRFSGSG--SGTDFSLTINILQPEDFATYYCQQSYS----PPLTFGGGTKVEIK,6_3_9,L
QPY74129.1,EIVLTQSPGTLSLSPGERATLSCRASQSVSSSYLAWYQQKPGQAPRLLIYGAFSRATGIPDRFSGSGSGTDFTLTISRLEPEDFAVYYCQQYGSSPWTFGQGTKVEIKRTVAAPSVFIFPPSDEQLKSGTASVVCLLNNFYPREAKVQWKVDNALQSGNSQESVTEQDSKDSTYSLSSTLTLSKADYEKHKVYACEVTHQGLSSPVTKSFNRGEC,EIVLTQSPGTLSLSPGERATLSCRASQSVS-----SSYLAWYQQKPGQAPRLLIYGA-------FSRATGIP-DRFSGSG--SGTDFTLTISRLEPEDFAVYYCQQYGS----SPWTFGQGTKVEIK,7_3_9,L
WCP84428.1,GXPXSHXSSPAPITGFPITSGYYWIWIRQSPGKPLEWMGYITHSGETFYNPSLQSPISITRETSKNQFFLQLNSVTTEDTAMYYCAGDRTGYWYFDVWGAGTTVTVSSESQSFPNDWXXFY,-------------------------TGFPIT---SGYYWIWIRQSPGKPLEWMGYITHS---GETFYNPSLQ-SPISITRETSKNQFFLQLNSVTTEDTAMYYCAGDRTG-YWYFDVWGAGTTVTVSS,9_7_12,H
QPY67302.1,EVQLVESGGGLVQPGGSLRLSCAASGFTFDDAWMDWVRQAPGKGLEWVAEIRTKANNHATYYAESVKGRFTISRDDSKSSVYLQMNSLRAEDTAVYYCTRLATWDWYFDVWGQGTTVTVSSASTKGPSVFPLAPSSKSTSGGTAALGCLVKDYFPEPVTVSWNSGALTSGVHTFPAVLQSSGLYSLSSVVTVPSSSLGTQTYICNVNHKPSNTKVDKKVEPKSCGS,EVQLVESGG-GLVQPGGSLRLSCAASGFTF----DDAWMDWVRQAPGKGLEWVAEIRTKANNHATYYAESVK-GRFTISRDDSKSSVYLQMNSLRAEDTAVYYCTRLATW-DWYFDVWGQGTTVTVSS,8_10_12,H
QHY07847.1,DVLMTQTPLTLSVTIGQPASISCKSSQSLIDSDGKTFLNWLLQRPGQSPKRLIYLVSKLDSGVPDRFTGSGSGTDFTLKISRVEAEDLGLYYCWQGTHFPYTFGGGTKLEIKR,DVLMTQTPLTLSVTIGQPASISCKSSQSLIDS-DGKTFLNWLLQRPGQSPKRLIYLV-------SKLDSGVP-DRFTGSG--SGTDFTLKISRVEAEDLGLYYCWQGTH----FPYTFGGGTKLEIK,11_3_9,L
AJN14095.1,DIQMTQSPSSLSASVGDRVTITCRASQDIGNYLRWFQQKPGKAPKLLISGATNLAAGVPSRFSGSGSGSDFTLTISSLQPEDFATYYCLQSKESPWTFGQGTKLEIKRT,DIQMTQSPSSLSASVGDRVTITCRASQDI------GNYLRWFQQKPGKAPKLLISGA-------TNLAAGVP-SRFSGSG--SGSDFTLTISSLQPEDFATYYCLQSKE----SPWTFGQGTKLEIK,6_3_9,L
AVA99205.1,EVQLVESGGGLVQPGGSVSLSCAASGFTFPVYWMHWVRQAPEKGLMWVSRISPDGTIVDYAGSVKGRFTVSRDNAKNILYLQIQRLTAEDTAVYFCTKDFDVASGFWGQGTLVTVSS,EVQLVESGG-GLVQPGGSVSLSCAASGFTF----PVYWMHWVRQAPEKGLMWVSRISPD--GTIVDYAGSVK-GRFTVSRDNAKNILYLQIQRLTAEDTAVYFCTKDFD---VASGFWGQGTLVTVSS,8_8_10,H
AAO19038.1,ELVRPGSSVKISCKASGYAFSSYWMNWVKQRPGQGLEWIGQIYPGDGDTNYNGKFKGKATLTADKSSSTAYMQLSSLTSEDSAVYFCATNWDDYWGQGTTLTVSS,----------ELVRPGSSVKISCKASGYAF----SSYWMNWVKQRPGQGLEWIGQIYPG--DGDTNYNGKFK-GKATLTADKSSSTAYMQLSSLTSEDSAVYFCATNW------DDYWGQGTTLTVSS,8_8_7,H
QHX07832.1,QVQLVESGPGLVKPSQTLSLTCAISGDSVSTNSGAWNWIRQSPSRGLEWLGRTYYRSKWYNDYAASVKSRITISPDTSKNQFSLQMNSVTPEDTAVYFCARERSWFSDAFDIWGQGTMVTVSS,QVQLVESGP-GLVKPSQTLSLTCAISGDSVS--TNSGAWNWIRQSPSRGLEWLGRTYYRS-KWYNDYAASVK-SRITISPDTSKNQFSLQMNSVTPEDTAVYFCARERSWFSDAFDIWGQGTMVTVSS,10_9_13,H
AVY11304.1,DIQMTQSPASLAASVGETVTITCRASENIYYSLAWYQQKQGKSPQLLIYNANSLEDGVPSRFSGSGSGTQYSMKINSMQPEDTATYFCKQTYDVPLTFGAGTKLELK,DIQMTQSPASLAASVGETVTITCRASENI------YYSLAWYQQKQGKSPQLLIYNA-------NSLEDGVP-SRFSGSG--SGTQYSMKINSMQPEDTATYFCKQTYD----VPLTFGAGTKLELK,6_3_9,L
ACW20486.1,EVQLTESGGGLVQPGGSLRLSCRASQFIFSNHYMNWVRQAPGKGLEWIGEIRSKSIYGATHYAESVKGRFIISRDDNKTDLYLEMNSLKTEDTAEYYCARNYYGSTYDYWGQGTLVTVS,EVQLTESGG-GLVQPGGSLRLSCRASQFIF----SNHYMNWVRQAPGKGLEWIGEIRSKSIYGATHYAESVK-GRFIISRDDNKTDLYLEMNSLKTEDTAEYYCARNYYG--STYDYWGQGTLVTVS,8_10_11,H
AKU38765.1,EIVLTQSPGTLSLSPGERATLSCRASQSVSSSYLAWYQQKPGQAPRLLIYGASSRATGIPDRFSGSGSGTDFTLTISRLEPEDFAVYYCQQYGSSPPYTFGQGTKLEIK,EIVLTQSPGTLSLSPGERATLSCRASQSVS-----SSYLAWYQQKPGQAPRLLIYGA-------SSRATGIP-DRFSGSG--SGTDFTLTISRLEPEDFAVYYCQQYGS---SPPYTFGQGTKLEIK,7_3_10,L
AGA49561.1,DIQMTQSPSSLSASVGDRVTITCSASSRVSSTYLFWYQQKPGKAPKLLIYRTSTLTSGVPSRFSGSGSGTDFTLTISSLQPEDFATYYCQQWSGYPFVFGGGTKVEIK,DIQMTQSPSSLSASVGDRVTITCSASSRVS-----STYLFWYQQKPGKAPKLLIYRT-------STLTSGVP-SRFSGSG--SGTDFTLTISSLQPEDFATYYCQQWSG----YPFVFGGGTKVEIK,7_3_9,L
AVD10830.1,DIVMTQSQKIMSTTVGDRVSITCKASQNAGIDVAWFQQKPRQSPKLLIFSTSNRYTGVPDRFAGSGSGTDFTLTIYNVQSEDLADYFCLQYRSYPRTFGGGTKLEIK,DIVMTQSQKIMSTTVGDRVSITCKASQNA------GIDVAWFQQKPRQSPKLLIFST-------SNRYTGVP-DRFAGSG--SGTDFTLTIYNVQSEDLADYFCLQYRS----YPRTFGGGTKLEIK,6_3_9,L
AXP29907.1,QSVLTQPPSVSAAPGQKVTISCSGSSSNIGNNYVSWYQQLPGTAPKLLIYDNNKRPSGIPDRFSGSKSGTSATLGITGLHTGDEADYYCGTWDTSLSAGGLFGSGTRVTVL,QSVLTQPPS-VSAAPGQKVTISCSGSSSNI----GNNYVSWYQQLPGTAPKLLIYDN-------NKRPSGIP-DRFSGSK--SGTSATLGITGLHTGDEADYYCGTWDTS-LSAGGLFGSGTRVTVL,8_3_12,L
QPY88957.1,QVQLVESGGGVVQPGRSLRLSCAASGFTFSSYTMHWVRQAPGKGLEWVTFISYDGNNKYYADSVKGRFTISRDNSKNTLYLQMNSLRAEDTAIYYCARTGYLGPFDYWGQGTLVTVSSGKPGSGKPGSGKPGSGKPGSEIVLTQSPGTLSLSPGERATLSCRASQSVGSSYLAWYQQKPGQAPRLLIYGAFSRATGIPDRFSGSGSGTDFTLTISRLEPEDFAVYYCQQYGSSPWTFGQGTKVEIK,QVQLVESGG-GVVQPGRSLRLSCAASGFTF----SSYTMHWVRQAPGKGLEWVTFISYD--GNNKYYADSVK-GRFTISRDNSKNTLYLQMNSLRAEDTAIYYCARTGYL--GPFDYWGQGTLVTVSS,8_8_11,H
UCY52477.1,IQMSQSPASLSASVGETVTITCRASGNIYNYLAWYQQKQGKSPHLLVYDAKTLADGVPSRFSGSGSGTQYSLKISSLQTEDSGNYYCQHFWSLPFTFGSGTKLEIK,-IQMSQSPASLSASVGETVTITCRASGNI------YNYLAWYQQKQGKSPHLLVYDA-------KTLADGVP-SRFSGSG--SGTQYSLKISSLQTEDSGNYYCQHFWS----LPFTFGSGTKLEIK,6_3_9,L
UOK19337.1,QVQLVESGGGLVQPGRSLRLSCAASGFTFSNAWMHWVRQAPGKGLEWVAQIKDKSNNYATYYAESVKGRFTISRDDSKNSIYLQMNSLKTEDTAVYYCRYVHYAAYYGVDAWGQGTTVTVSSASTKGPSVFPLAPSSKSTSGGTAALGCLVKDYFPEPVTVSWNSGALTSGVHTFPAVLQSSGLYSLSSVVTVPSSSLGTQTYICNVNHKPSNTKVDKKVEPKSCDKTHTCPPCPAPEAAGGPSVFLFPPKPKDTLMISRTPEVTCVVVDVSHEDPEVKFNWYVDGVEVHNAKTKPREEQYASTYRVVSVLTVLHQDWLNGKEYKCKVSNKALPAPIEKTISKAKGQPREPQVYTLPPSRCELTKNQVSLSCAVKGFYPSDIAVEWESNGQPENNYKTTPPVLDSDGSFFLVSKLTVDKSRWQQGNVFSCSVMHEALHNHYTQKSLSLSPDYKDDDDK,QVQLVESGG-GLVQPGRSLRLSCAASGFTF----SNAWMHWVRQAPGKGLEWVAQIKDKSNNYATYYAESVK-GRFTISRDDSKNSIYLQMNSLKTEDTAVYYCRYVHYAAYYGVDAWGQGTTVTVSS,8_10_13,H
ACN09376.1,AIRLTQSPSTLSASVGDRVTISCRASQSISSWLAWYQHKPGKAPKLLLYKASSLESGVPSRFSGSGSGTEFTLTISSLQPDDFATYYCQQYNSYSRTFGQGTKVEIK,AIRLTQSPSTLSASVGDRVTISCRASQSI------SSWLAWYQHKPGKAPKLLLYKA-------SSLESGVP-SRFSGSG--SGTEFTLTISSLQPDDFATYYCQQYNS----YSRTFGQGTKVEIK,6_3_9,L
QPZ03160.1,EVQLVESGGGLVKPGGSLRLSCAASGFTFSNYWMNWVRQAPGKGLEWVGEIRLKSNNYATHYAEPVKGRFTISRDDSKSTVYLQMNSLKTEDTAVYYCTRYYGNYGGYFDVWGAGTLVTVSS,EVQLVESGG-GLVKPGGSLRLSCAASGFTF----SNYWMNWVRQAPGKGLEWVGEIRLKSNNYATHYAEPVK-GRFTISRDDSKSTVYLQMNSLKTEDTAVYYCTRYYGNYGGYFDVWGAGTLVTVSS,8_10_13,H
AHN95159.1,EVQLVESGGGLVQPGGSLRLSCAASGFTFSNFDMGWVRQAPGKGLDWVSYISYSGNSIYYADSVKGRFTISRDNAKTSLSLQMGSLRAEDTAVYYCARIRGIAGRWFDVWGPGVLVTVSS,EVQLVESGG-GLVQPGGSLRLSCAASGFTF----SNFDMGWVRQAPGKGLDWVSYISYS--GNSIYYADSVK-GRFTISRDNAKTSLSLQMGSLRAEDTAVYYCARIRGIAGRWFDVWGPGVLVTVSS,8_8_13,H
AYP67345.1,EIVMTQSPATLSVSPGERATLSCRVSQSVIRDLAWYQQKPGQAPRLLIYGASTRATGIPARFSGSGSGTEFTLTISSVHSEDFAVYYCQQYNNWAPITFGQGTRLEIK,EIVMTQSPATLSVSPGERATLSCRVSQSV------IRDLAWYQQKPGQAPRLLIYGA-------STRATGIP-ARFSGSG--SGTEFTLTISSVHSEDFAVYYCQQYNN---WAPITFGQGTRLEIK,6_3_10,L
AMF30327.1,DIVMTQSPDSLSVSLGERATINCRASKSVDSYGQSFMHWYQQKPGQPPKLLIYLASNLESGVPDRFSGSGSGTDFTLTISSLQAEDVAVYYCQQNAEDPRTFGGGTKVEIKR,DIVMTQSPDSLSVSLGERATINCRASKSVDS--YGQSFMHWYQQKPGQPPKLLIYLA-------SNLESGVP-DRFSGSG--SGTDFTLTISSLQAEDVAVYYCQQNAE----DPRTFGGGTKVEIK,10_3_9,L
AEX57223.1,MAMGRGKEKWKNNEKGWGYQEDEGGSYKWEDGGSHHHHHHSSGDDDDKKLMAQPAMAQVKLQESGTELAKPGAAVKMSCKASGYTFTDYWMHWVKQRPGQGLEWIGYINPNTAYTDYNQKFKDKATLTADKSSSTAYMQLRSLTSEDSAVYYCAKKTTQTTWGFPFWGQGTTVTVSSSGGSGGGGSGGGGSDIVLTQSPKSMAMSVGERVTLSCKASENVDSFVSWYQQKPGQSPKLLIYGASNRYTGVPDRFAGSGSGRDFTLTISSVQAEDLADYHCGQNYRYPLTFGAGTKLEINGRPHHKLSNN,QVKLQESGT-ELAKPGAAVKMSCKASGYTF----TDYWMHWVKQRPGQGLEWIGYINPN--TAYTDYNQKFK-DKATLTADKSSSTAYMQLRSLTSEDSAVYYCAKKTTQTTWGFPFWGQGTTVTVSS,8_8_13,H
UOK15750.1,PGASVKISCKASGYSFTGYYMNWVKQSPEKSLEWIGEINPSTGGATYNHKFKAKATLTVDNSSSTAYMQLKSLTSEDSAVYYCARYNEGYLFHCCGQGTTPATSSTKT,--------------PGASVKISCKASGYSF----TGYYMNWVKQSPEKSLEWIGEINPS--TGGATYNHKFK-AKATLTVDNSSSTAYMQLKSLTSEDSAVYYCARYNEG--YLFHCCGQGTTPATSS,8_8_11,H
QPY51484.1,EVQLVESGGGLVKPGESLRLSCAASGFTFSNYWMNWVRQAPGKGLEWVGEIRLKSNNYATHYAEPVKGRFTISRDDSKSTVYLQMNSRKTEDTAVYYCTRYYGNYGGYFDVWGAGTLVTVSS,EVQLVESGG-GLVKPGESLRLSCAASGFTF----SNYWMNWVRQAPGKGLEWVGEIRLKSNNYATHYAEPVK-GRFTISRDDSKSTVYLQMNSRKTEDTAVYYCTRYYGNYGGYFDVWGAGTLVTVSS,8_10_13,H
AMN91199.1,GAELVKPGASVKLSCTASGFNIKDYYMHWVKQRTEQGLEWIGRIDPEDGEPKYAPKFQGKATITADTSSNTAYLQLSSLTSEDTAVYSCALYYGRRFAYWGQGTLV,-------GA-ELVKPGASVKLSCTASGFNI----KDYYMHWVKQRTEQGLEWIGRIDPE--DGEPKYAPKFQ-GKATITADTSSNTAYLQLSSLTSEDTAVYSCALYYG---RRFAYWGQGTLV,8_8_10,H
AGU05683.1,DIVMTQSPLSLPVTPGEPASISCRSSQSLVFRDGITYLNWYLQKPGQSPQLLIYKGSNRASGVPDRFSGSGSGTDFTLKISRVEAEDVGVYYCQQYDSYPLTFGQGTKVEIKRT,DIVMTQSPLSLPVTPGEPASISCRSSQSLVFR-DGITYLNWYLQKPGQSPQLLIYKG-------SNRASGVP-DRFSGSG--SGTDFTLKISRVEAEDVGVYYCQQYDS----YPLTFGQGTKVEIK,11_3_9,L
AKY98203.1,EVVLTQSPATLSLSPGDRATLSCRASQTVGRYLAWYQQKPGQAPRLLIYDASDRATGISARFSGSGSGTDFTLTIGSLEPEDFAVYYCQQRSSWPPLTFGGGTKVEIK,EVVLTQSPATLSLSPGDRATLSCRASQTV------GRYLAWYQQKPGQAPRLLIYDA-------SDRATGIS-ARFSGSG--SGTDFTLTIGSLEPEDFAVYYCQQRSS---WPPLTFGGGTKVEIK,6_3_10,L
APN83459.1,MEWSWIFLFLLSGTAGVHSEVQLQQSGPELVKPGASVRMSCTASGYTFTSYVMHWIKQKPGQGLDWIGYINPYNGGTQYNEKFKGKATLTSDKSSSTAYMELSSLTSEDSAVYYCARRTFPYYFDYWGQGTTLTVSS,EVQLQQSGP-ELVKPGASVRMSCTASGYTF----TSYVMHWIKQKPGQGLDWIGYINPY--NGGTQYNEKFK-GKATLTSDKSSSTAYMELSSLTSEDSAVYYCARRTFP--YYFDYWGQGTTLTVSS,8_8_11,H
QPY43214.1,EVQLVESGGGLVKPGGSLRLSCAASGFTFSNYWMNWVRQAPGKGLEWVGEIRLKSNNYATYYAEPVKGRFTISRDDSKSTVYLQMNSLKTEDTAVYYCTRYYGNYGGYFDVWGAGTLVTVSSGKPGSGKPGSGKPGSGKPGSSIVMTQSPATLSVSPGERATLSCRASQSVSNDVAWYQQKPGQSPRLLINYASHRYTGVPDRFTGSGYGTEFTLTISSLQSEDFAVYFCQQDYSSPRTFGGGTKVEIK,EVQLVESGG-GLVKPGGSLRLSCAASGFTF----SNYWMNWVRQAPGKGLEWVGEIRLKSNNYATYYAEPVK-GRFTISRDDSKSTVYLQMNSLKTEDTAVYYCTRYYGNYGGYFDVWGAGTLVTVSS,8_10_13,H
AEL79803.1,GGSFNGCYWSWIRQPPGKGLEWIGEINHSGSTNYNPSLKSRVTISVDTSKNQFSLKLSSVTAADTAVYYCASGGPLNFDYWGQGTLVTVSSA,--------------------------GSFN-----GCYWSWIRQPPGKGLEWIGEINHS---GSTNYNPSLK-SRVTISVDTSKNQFSLKLSSVTAADTAVYYCASGGP---LNFDYWGQGTLVTVSS,7_7_10,H
AAE25805.1,EIHLQQSGPELVKPGASVKLSCKASGYSFTDYNMYWVKQSHGKSLEWIGYIDPHNGGIFYNQKFKGRATLTVDKSSNTAFMHLNSLTSEDSAVYYCARGGGLFAYWGRGTLVTVSA,EIHLQQSGP-ELVKPGASVKLSCKASGYSF----TDYNMYWVKQSHGKSLEWIGYIDPH--NGGIFYNQKFK-GRATLTVDKSSNTAFMHLNSLTSEDSAVYYCARGGG----LFAYWGRGTLVTVSA,8_8_9,H
ATJ67039.1,DIQLTQSPSSVSASVGDRVTITCRASQGISSWVAWYQQKPGKAPKLLIYAASSLQSGVPSRFSGSGSGTDFTLTISSLQPEDFATYYCQQANSFPRTFGQGTKVEIKR,DIQLTQSPSSVSASVGDRVTITCRASQGI------SSWVAWYQQKPGKAPKLLIYAA-------SSLQSGVP-SRFSGSG--SGTDFTLTISSLQPEDFATYYCQQANS----FPRTFGQGTKVEIK,6_3_9,L
QFN31719.1,ENVLTQSPAIMSASLGEKVTMSCRASSSVNYMSWYQQKSDASPKLWIYYTSNLAPGVPARFSGSGSGNSYSLTISSMEGEDAATYYCQQFTSSPYTFGGGTKLEIK,ENVLTQSPAIMSASLGEKVTMSCRASSSV-------NYMSWYQQKSDASPKLWIYYT-------SNLAPGVP-ARFSGSG--SGNSYSLTISSMEGEDAATYYCQQFTS----SPYTFGGGTKLEIK,5_3_9,L
QPY65193.1,EVKLEESGGGLVQPGGSMKLSCAASGFTFSDAWMDWVRQSPEKGLEWVAEIRHKANNHATYYAESVKGRFTISRDDSKSSVYLQMNSLRAEDTGIYYCTRLANWDWYFDVWGAGTTVTVSS,EVKLEESGG-GLVQPGGSMKLSCAASGFTF----SDAWMDWVRQSPEKGLEWVAEIRHKANNHATYYAESVK-GRFTISRDDSKSSVYLQMNSLRAEDTGIYYCTRLANW-DWYFDVWGAGTTVTVSS,8_10_12,H
AKX98287.1,EIVLTQSPGTLSLSPGERATLSCRASQSVSSSYLAWYQQKPGQAPRLLIYGASSRATGIPDRFSGSGSGTDFTLTISRLEPEDFAVYYCQQGNQIPPTFGQGTKVEIK,EIVLTQSPGTLSLSPGERATLSCRASQSVS-----SSYLAWYQQKPGQAPRLLIYGA-------SSRATGIP-DRFSGSG--SGTDFTLTISRLEPEDFAVYYCQQGNQ----IPPTFGQGTKVEIK,7_3_9,L
AZJ59499.1,MDFQVQIISFLLISASVIMSRGQIVLSQSPAILSASPGEKVTMTCRASSSVSYIHWFQQKPGSSPKPWIYATSNLASGVPVRFSGSGSGTSYSLTISRVEAEDAATYYCQQWTSNPPTFGGGTKLEIKRTVAAPSVFIFPPSDEQLKSGTASVVCLLNNFYPREAKVQWKVDNALQSGNSQESVTEQDSKDSTYSLSSTLTLSKADYEKHKVYACEVTHQGLSSPVTKSFNRGEC,QIVLSQSPAILSASPGEKVTMTCRASSSV-------SYIHWFQQKPGSSPKPWIYAT-------SNLASGVP-VRFSGSG--SGTSYSLTISRVEAEDAATYYCQQWTS----NPPTFGGGTKLEIK,5_3_9,L
QPY98149.1,EVQLVESGGGLVKPGGSLRLSCAASGFTFSNYWMNWVRQAPGKGLEWVGEIRLKSNNYATHYAEPVKGRFTISRDDSKSTVYLQMNSLKTEDTAVYYCTRYYGNYGGYFDVWGAGTLVTVSS,EVQLVESGG-GLVKPGGSLRLSCAASGFTF----SNYWMNWVRQAPGKGLEWVGEIRLKSNNYATHYAEPVK-GRFTISRDDSKSTVYLQMNSLKTEDTAVYYCTRYYGNYGGYFDVWGAGTLVTVSS,8_10_13,H
QPY50234.1,EVQLVESGGGLVKPGGSLRLSCAASGFTFSNYWMNWVRQAPGKGLEWVGEIRLKSNNYATHYAEPVKGRFTISRDDSKSTVYLQMNSLKTEDTAVYYCTRYYGNYGGYFDVWGAGTLVTVSS,EVQLVESGG-GLVKPGGSLRLSCAASGFTF----SNYWMNWVRQAPGKGLEWVGEIRLKSNNYATHYAEPVK-GRFTISRDDSKSTVYLQMNSLKTEDTAVYYCTRYYGNYGGYFDVWGAGTLVTVSS,8_10_13,H
AAW69194.1,DIQLTQSPSTLSASVGDRVTITCRASQTITNYLAWYQQKPGTAPKVLIYRASSLESGVSPRFSGSGSGTQFTLTISGLQPDDFATYYCQQYDSYPPTFGGGSKVEIK,DIQLTQSPSTLSASVGDRVTITCRASQTI------TNYLAWYQQKPGTAPKVLIYRA-------SSLESGVS-PRFSGSG--SGTQFTLTISGLQPDDFATYYCQQYDS----YPPTFGGGSKVEIK,6_3_9,L
AUF47230.1,QVLTQSPSSLSASVGDRVTINCQASQSVYHNTYLAWYQQKPGKVPKQLIYDASTLASGVPSRFSGSGSGTDFTLTISSLQPEDVATYYCLGSYDCTNGDCFVFGGGTKVEIKR,-QVLTQSPSSLSASVGDRVTINCQASQSVY----HNTYLAWYQQKPGKVPKQLIYDA-------STLASGVP-SRFSGSG--SGTDFTLTISSLQPEDVATYYCLGSYDCTNGDCFVFGGGTKVEIK,8_3_13,L
QHZ64847.1,QVQLVQSGAEVKKPGSSVKVSCKASGGTFSSYSISWVRQAPGQGLEWMGGIIPIFGTANYAQKFQGRVTITADESTSTAYMELSSLRSGDTAVYYCARQLYGYYELDIWGQGTLVTVSSASTKGPSVFPLAPSSKSTSGGTAALGCLVKDYFPEPVTVSWNSGALTSGVHTFPAVLQSSGLYSLSSVVTVPSSSLGTQTYICNVNHKPSNTKVDKKVEPKSCDKTHTCPPCPAPELLGGPSVFLFPPKPKDTLMISRTPEVTCVVVDVSHEDPEVKFNWYVDGVEVHNAKTKPREEQYNSTYRVVSVLTVLHQDWLNGKEYKCKVSNKALPAPIEKTISKAKGQPREPQVYTLPPSRDELTKNQVSLTCLVKGFYPSDIAVEWESNGQPENNYKTTPPVLDSDGSFFLYSKLTVDKSRWQQGNVFSCSVMHEALHNHYTQESLSLSP,QVQLVQSGA-EVKKPGSSVKVSCKASGGTF----SSYSISWVRQAPGQGLEWMGGIIPI--FGTANYAQKFQ-GRVTITADESTSTAYMELSSLRSGDTAVYYCARQLYG-YYELDIWGQGTLVTVSS,8_8_12,H
ACR16116.1,EVQLVESGGGLVQPGGSLKLSCAASGFTFSGSAMHWVRQASGKGLEWVGRIRSKANSYATAYAASVKGRFTISRDDSKNTAYLQMNSLKTEDTAVYYCAHDTAMADFDYWGQGTLVTVSS,EVQLVESGG-GLVQPGGSLKLSCAASGFTF----SGSAMHWVRQASGKGLEWVGRIRSKANSYATAYAASVK-GRFTISRDDSKNTAYLQMNSLKTEDTAVYYCAHDTAM--ADFDYWGQGTLVTVSS,8_10_11,H
QMX99376.1,DIQLTQSPSFLSASVGDRVTITCRASQSISEYLHWYQQKPGKAPKLLIYFASQSICGVPSRFSGSGSGTEFTLTISSLQPEDFATYYCQNGHNFPYTFGQGTKVEIK,DIQLTQSPSFLSASVGDRVTITCRASQSI------SEYLHWYQQKPGKAPKLLIYFA-------SQSICGVP-SRFSGSG--SGTEFTLTISSLQPEDFATYYCQNGHN----FPYTFGQGTKVEIK,6_3_9,L
AFK96402.1,DIVLTQSPASLAVSLGQRATISCRASESVAIYGNSFLKWFQQKPGQPPKLLIYRASNLESGIPARFSGSGSGTDFTLTINPVEADDVATYYCQQINEDPYTFGGGTKLEIKR,DIVLTQSPASLAVSLGQRATISCRASESVAI--YGNSFLKWFQQKPGQPPKLLIYRA-------SNLESGIP-ARFSGSG--SGTDFTLTINPVEADDVATYYCQQINE----DPYTFGGGTKLEIK,10_3_9,L
AGA92836.1,VQLQHSGPEMVKPGGSVFKSWKTFEFFFTGYYMNWVKQSPEKSLEWIGEINPSTGGTTYNQKFKAKATLTVDKSSSTAYMQLKSLTSEDSAVYYCARWRGSSYVWFAYWGQGTLVTVSA,-VQLQHSGP-EMVKPGGSVFKSWKTFEFFF----TGYYMNWVKQSPEKSLEWIGEINPS--TGGTTYNQKFK-AKATLTVDKSSSTAYMQLKSLTSEDSAVYYCARWRGSSYVWFAYWGQGTLVTVSA,8_8_13,H
QWO16227.1,QVQLQESGPGLLKPSETLSLACTVSGGSISTSNHYWVWIRQPPGKGLEWIASIYYTGISYYNPSLESRVAISLETSKTQFSLKLTSVTAADTAVYYCARRPLAFGWYFDLWGRGTLVTVSS,QVQLQESGP-GLLKPSETLSLACTVSGGSIS--TSNHYWVWIRQPPGKGLEWIASIYYT---GISYYNPSLE-SRVAISLETSKTQFSLKLTSVTAADTAVYYCARRPLAFGWYFDLWGRGTLVTVSS,10_7_13,H
AFL21186.1,QVQLQESGPGLLKPSGTLSLTCAVSGGSISSSNWWSWVRQPPGEGLEWIGEIYHSGSTNYNPSLKSRVTISVDKSKNQFSLKLSSVTAADTAVYYCARDLTGSLDYWGQGTLVTVSS,QVQLQESGP-GLLKPSGTLSLTCAVSGGSIS---SSNWWSWVRQPPGEGLEWIGEIYHS---GSTNYNPSLK-SRVTISVDKSKNQFSLKLSSVTAADTAVYYCARDLT---GSLDYWGQGTLVTVSS,9_7_10,H
APN73552.1,DIQMTQSPSSLSASVGDRVTITCRASQSISSYLNWYQQKPGKAPKLLIYAASSLQSGVPSRFSGSGSGTDFTLTISSLQPEDFAVYYCQQYGSSPLTFGGGTKVEIKR,DIQMTQSPSSLSASVGDRVTITCRASQSI------SSYLNWYQQKPGKAPKLLIYAA-------SSLQSGVP-SRFSGSG--SGTDFTLTISSLQPEDFAVYYCQQYGS----SPLTFGGGTKVEIK,6_3_9,L
QPY44475.1,EVQLVESGGGLVKPGGSLRLSCAASGFTFSNYWMNWVRQAPGKGLEWVGEIRLKSNNYATHYAEPVKGRFTISRDDSKSTVYLQMNSLKTEDTAVYYCTRYYGNYGGYFDVWGAGTLVTVSS,EVQLVESGG-GLVKPGGSLRLSCAASGFTF----SNYWMNWVRQAPGKGLEWVGEIRLKSNNYATHYAEPVK-GRFTISRDDSKSTVYLQMNSLKTEDTAVYYCTRYYGNYGGYFDVWGAGTLVTVSS,8_10_13,H
UIC72533.1,EIVMTQSPATLSVSPGERATLSCRASQSVSSNLAWYQQKPGQAPRLLIYGASTRATGVPARFSGSGSGTEFTLTISSLQSEDFAVYYCHQYNKWPAYTFGQGTKLEIK,EIVMTQSPATLSVSPGERATLSCRASQSV------SSNLAWYQQKPGQAPRLLIYGA-------STRATGVP-ARFSGSG--SGTEFTLTISSLQSEDFAVYYCHQYNK---WPAYTFGQGTKLEIK,6_3_10,L
AUF60224.1,AIEMTQTPFSVSAAVGGTVTIKCQASQTISNYLAWYQQKPGQPPKLLIYGASNLESGVPSRFKGSGSGTQFTLTISDLECDDAATYYCQQGYTISNVDNNVFGGGTEVVVKRTVAAPSVFIFPPSDEQLKSGTASVVCLLNNFYPREAKVQWKVDNALQSGNSQESVTEQDSKDSTYSLSSTLTLSKADYEKHKVYACEVTHQGLSSPVTKSFNRGEC,AIEMTQTPFSVSAAVGGTVTIKCQASQTI------SNYLAWYQQKPGQPPKLLIYGA-------SNLESGVP-SRFKGSG--SGTQFTLTISDLECDDAATYYCQQGYTISNVDNNVFGGGTEVVVK,6_3_13,L
ACS07772.1,QVHLQESGPGLVKPSETLSLTCTVSGGSVSSGDYYWNWIRQPPGKGLEWIGYIYYSGSTNYNPSLKSRITISIDTSKNQFSLKLNSVTAADTALYYCARESVAAFDYWGQGTLVTVSS,QVHLQESGP-GLVKPSETLSLTCTVSGGSVS--SGDYYWNWIRQPPGKGLEWIGYIYYS---GSTNYNPSLK-SRITISIDTSKNQFSLKLNSVTAADTALYYCARESV---AAFDYWGQGTLVTVSS,10_7_10,H
QKP70318.1,EVQLVESGGGLVQPGRSLRLSCAASGFTFDDYALHWVRQAPGKGLEWVSGVSWNGGRIGYADSVKGRFTISRDNAKNSLFLQMNSLRVEDTALYYCAKGRDAFDIWGQGTMVTVSS,EVQLVESGG-GLVQPGRSLRLSCAASGFTF----DDYALHWVRQAPGKGLEWVSGVSWN--GGRIGYADSVK-GRFTISRDNAKNSLFLQMNSLRVEDTALYYCAKGRD----AFDIWGQGTMVTVSS,8_8_9,H
ARO71102.1,DIQMTQSPSSLSASVGDGVTITCRASQDISNYLIWYQQKPGKAPKRLIYDASTLQSWVPSRFTGSGSGTEFTLTISSLQPEDFATYYCLQGYSTPYSFGQGTKVEIK,DIQMTQSPSSLSASVGDGVTITCRASQDI------SNYLIWYQQKPGKAPKRLIYDA-------STLQSWVP-SRFTGSG--SGTEFTLTISSLQPEDFATYYCLQGYS----TPYSFGQGTKVEIK,6_3_9,L
AHL56770.1,DIVMSQSPSSLAVSVGEKVTMSCKSSQSLLYSTNQKNFLAWYQQKPGQSPKLLIYWASTRDSGVPDRFTGSGSGTDFTLTISSVKAEDLAVYYCQQYYSYPRTFGGGTKLEIKRTVAAPSVFIFPPSDEQLKSGTASVVCLLNNFYPREAKVQWKVDNALQSGNSQESVTEQDSKDSTYSLSSTLTLSKADYEKHKVYACEVTHQGLSSPVTKSFNRGEC,DIVMSQSPSSLAVSVGEKVTMSCKSSQSLLYSTNQKNFLAWYQQKPGQSPKLLIYWA-------STRDSGVP-DRFTGSG--SGTDFTLTISSVKAEDLAVYYCQQYYS----YPRTFGGGTKLEIK,12_3_9,L
AVD23961.1,DIVMTQSPSSLTVTAGEKVTMSCKSSQNLLNSGNQKKYLNWYQQKPGQPPKLLIYWASTRESGVPDRFTGSGSGTDFTLTISSVQAEDLAVYFCQNDYSYPFTFGAGTKLELK,DIVMTQSPSSLTVTAGEKVTMSCKSSQNLLNSGNQKKYLNWYQQKPGQPPKLLIYWA-------STRESGVP-DRFTGSG--SGTDFTLTISSVQAEDLAVYFCQNDYS----YPFTFGAGTKLELK,12_3_9,L
AVA85420.1,EIVLTQSPDFQSVTPKEKVTITCSASSSVSYMHWYQQKPDQSPKLLIKDSSKLASGVPSRFSGSGSGTDFTLTINSLEAEDAATYYCQQWSSNPLTFGQGTKLEIK,EIVLTQSPDFQSVTPKEKVTITCSASSSV-------SYMHWYQQKPDQSPKLLIKDS-------SKLASGVP-SRFSGSG--SGTDFTLTINSLEAEDAATYYCQQWSS----NPLTFGQGTKLEIK,5_3_9,L
UPX76883.1,DIQLTQSPSSLSASVGDRVTITCRASQTINSFVNWYQHKPGKAPELLIYAASTLQRGVPSRFSGSGTGTDFTLTISSLQPEDFATYFCQQSYNSPRTFGQGTKVEIK,DIQLTQSPSSLSASVGDRVTITCRASQTI------NSFVNWYQHKPGKAPELLIYAA-------STLQRGVP-SRFSGSG--TGTDFTLTISSLQPEDFATYFCQQSYN----SPRTFGQGTKVEIK,6_3_9,L
ATL10667.1,EVQLVESGGNLVQPGRSLRLSCAASGFTFDDYAMHWVRQAPGKGLEWVSGISWNNNDIGYADSVKGRFIISRDNAKNSLYLQMNSLRPEDTALYYCVKGYYVILTGLDYWGQGTPVTVSSASTKGPSVFPLAPSSKSTSGGTAALGCLVKDYFPEPVTVSWNSGALTSGVHTFPAVLQSSGLYSLSSVVTVPSSSLGTQTYICNVNHKPSNTKVDKKVEPKSCDKTHTCPPCPAPELLGGPSVFLFPPKPKDTLMISRTPEVTCVVVDVSHEDPEVKFNWYVDGVEVHNAKTKPREEQYNSTYRVVSVLTVLHQDWLNGKEYKCKVSNKALPAPIEKTISKAKGQPREPQVYTLPPSRDELTKNQVSLTCLVKGFYPSDIAVEWESNGQPENNYKTTPPVLDSDGSFFLYSKLTVDKSRWQQGNVFSCSVMHEALHNHYTQKSLSLSPGK,EVQLVESGG-NLVQPGRSLRLSCAASGFTF----DDYAMHWVRQAPGKGLEWVSGISWN--NNDIGYADSVK-GRFIISRDNAKNSLYLQMNSLRPEDTALYYCVKGYYVILTGLDYWGQGTPVTVSS,8_8_13,H
ABL31522.1,EIVMTQSPGTLSLSPGERATLSCRASQGVSSSYLAWYQQKPGQAPRLLIYGASSRATGIPDRFSGSGSGTDFTLTISRLEPEDFAVYYCQQYGSSPPFTFGPGTKVDIKRTVAAPSVFIFPPSDEQLRSGTASVVCLLNNFYPREAKVQWKVDNALQSGNSQESVTEQDSKDSTYSLSSTLTLSKADYEKHKVYACEVTHQGLSSPVTKSFNRGESYPYDVPDYAS,EIVMTQSPGTLSLSPGERATLSCRASQGVS-----SSYLAWYQQKPGQAPRLLIYGA-------SSRATGIP-DRFSGSG--SGTDFTLTISRLEPEDFAVYYCQQYGS---SPPFTFGPGTKVDIK,7_3_10,L
AZM03715.1,EIVLTQSPATLSLSPGERATLSCRASESVSIRGTSLMHWYQQKPGQAPRLLIYRASNLESGVPDRFSGSGSGTDFTLTINSLEAEDAATYYCQQSREYPYTFGQGTKLEIK,EIVLTQSPATLSLSPGERATLSCRASESVSI--RGTSLMHWYQQKPGQAPRLLIYRA-------SNLESGVP-DRFSGSG--SGTDFTLTINSLEAEDAATYYCQQSRE----YPYTFGQGTKLEIK,10_3_9,L
QIP68247.1,VQLVQSGAEAKKPGASVKVSCKASGYTFTGHYMHWVRQAPGQGLEWMGWINPDSGGTKYAQKFQGRVTMTRDTSISTAYMELSRLTSDDTAVYYCARILRTTSALDYWGQGTLVTVSS,-VQLVQSGA-EAKKPGASVKVSCKASGYTF----TGHYMHWVRQAPGQGLEWMGWINPD--SGGTKYAQKFQ-GRVTMTRDTSISTAYMELSRLTSDDTAVYYCARILRT-TSALDYWGQGTLVTVSS,8_8_12,H
QHX54932.1,QVQLVESGGGVVQPGRSLRLSCAASGFTFSYSGMHWVRQAPGKGLEWVAVISYDGSNKYYADSVKGRFTISRDNSNNILYLQMNSLRAEDTAVYYCAKDWGGRFDPWGQGTLVTVSS,QVQLVESGG-GVVQPGRSLRLSCAASGFTF----SYSGMHWVRQAPGKGLEWVAVISYD--GSNKYYADSVK-GRFTISRDNSNNILYLQMNSLRAEDTAVYYCAKDWG---GRFDPWGQGTLVTVSS,8_8_10,H
ADS64621.1,GPGLVKPSETLSLTCTVSGGSISSYYWSWIRQPPGKGLEWIGYIYYSGSTNYNPSLKSRVTISVDTSKNQFSLKLSSVTAADTAVYYCARAVSYYYYGMDVWGQGTTVTVSSASTKGPSVFPLAPSSKST,-------GP-GLVKPSETLSLTCTVSGGSI----SSYYWSWIRQPPGKGLEWIGYIYYS---GSTNYNPSLK-SRVTISVDTSKNQFSLKLSSVTAADTAVYYCARAVSYYYYGMDVWGQGTTVTVSS,8_7_13,H
AWU03716.1,DIQMTQTTSSLSASLGDRVTISCRASQDISNYLNWYQQKPDGTVKLLIYYTSRLHSGVPSRFSGSGSGTDYSLTISNLELEDIATYFCQQGDMLPWTFGGGTKLEIK,DIQMTQTTSSLSASLGDRVTISCRASQDI------SNYLNWYQQKPDGTVKLLIYYT-------SRLHSGVP-SRFSGSG--SGTDYSLTISNLELEDIATYFCQQGDM----LPWTFGGGTKLEIK,6_3_9,L
BAH48097.1,QVQLQQPGAELVKPGASVKLSCKASGYTFTSYWMHWVKQRPGRGLEWIGRIDPNSGGTRYNEKFKSKATLTVDKPSSTAYMQLSSLTSEDSAVYYCARSYDYDYWGQGTTL,QVQLQQPGA-ELVKPGASVKLSCKASGYTF----TSYWMHWVKQRPGRGLEWIGRIDPN--SGGTRYNEKFK-SKATLTVDKPSSTAYMQLSSLTSEDSAVYYCARSY-----DYDYWGQGTTL,8_8_8,H
QWX34400.1,DIQMTQSPSSLSASVGDSVTITCRASQSVSNYFHWYRQKPGKAPELLIYSASNLQTGVPSRFTGSGSGTECTLTITSLQPDDFATYYCQQTHGYPFTFGQGTKLDVR,DIQMTQSPSSLSASVGDSVTITCRASQSV------SNYFHWYRQKPGKAPELLIYSA-------SNLQTGVP-SRFTGSG--SGTECTLTITSLQPDDFATYYCQQTHG----YPFTFGQGTKLDVR,6_3_9,L
CAI99713.1,SRRSGAWPRALFCSLGASVKLTCTLSSEYTNYGIAWHQAQPGKGPRYLMKVNSDGSHIKADGIPDRFLGSSSGAERYLTISGLQSEDEADYYCQAWGTAIQVFGGGTKLTV,------------CSLGASVKLTCTLSSEYT-----NYGIAWHQAQPGKGPRYLMKVNSD---GSHIKADGIP-DRFLGSS--SGAERYLTISGLQSEDEADYYCQAWGT----AIQVFGGGTKLTV,7_7_9,L
BAM08693.1,QVQLQQPGAELVKPGASVKLSCKASGYTFTSYWMHWVKQRPGRGLEWIGRIDPNSGGTKYNEKFKSKATLTVDKPSSTAYMQLSSLTSEDSAVYYCARYYYGSIPDYWGQGTTL,QVQLQQPGA-ELVKPGASVKLSCKASGYTF----TSYWMHWVKQRPGRGLEWIGRIDPN--SGGTKYNEKFK-SKATLTVDKPSSTAYMQLSSLTSEDSAVYYCARYYYG--SIPDYWGQGTTL,8_8_11,H
AFQ82423.1,ELQLVEQSGAALVKPGDSVKMSCKASGYPFTDYIVHWVKQSHGKSLDWIGYINPYSGDTKFNEKFKSKATLTVDKSSSTAYMEFSRLTSEDSAIYYCARSGLIAVYFDYWGQGTTVTVSSGGGGSGGGGSGGGGSELVLTQSPGFQSVTPKEKVTITCRASQSIGSSLNWYQQKPDQPPKLLIKFASQSISGVSSRFSGTGSGTDFTLTISSLQPEDVATYYCQQSYSTPPTFGQGTKLEIK,LQLVEQSGA-ALVKPGDSVKMSCKASGYPF----TDYIVHWVKQSHGKSLDWIGYINPY--SGDTKFNEKFK-SKATLTVDKSSSTAYMEFSRLTSEDSAIYYCARSGLI-AVYFDYWGQGTTVTVSS,8_8_12,H
QDF60736.1,MGSNAILGLLLAVLQGVCAEVQLVQSGAELKKPGESLRISCKGSEYTSTTYWISWVRQLPGKGLEWMGRIDPTDSYTDYSPSFQGHVTISTDKSTSTAYLQWSTLKASDTAIYYCAGSKYFYYGLDVWGQGTTVTVSSA,EVQLVQSGA-ELKKPGESLRISCKGSEYTS----TTYWISWVRQLPGKGLEWMGRIDPT--DSYTDYSPSFQ-GHVTISTDKSTSTAYLQWSTLKASDTAIYYCAGSKYF-YYGLDVWGQGTTVTVSS,8_8_12,H
QIH48481.1,EIVLTQSPATLSVSPGERATLSCRASQSINSNLAWYQQKPGQAPRLLIYGASTRATSIPARFSGSGSGTEFTLTISSLQSEDFAAYYCQQYDDWWTFGQGTKVEIK,EIVLTQSPATLSVSPGERATLSCRASQSI------NSNLAWYQQKPGQAPRLLIYGA-------STRATSIP-ARFSGSG--SGTEFTLTISSLQSEDFAAYYCQQYD-----DWWTFGQGTKVEIK,6_3_8,L
AVX68513.1,QIVLTQSPAIMSVSLGERVTMTCTASSSVSSSYLHWYQQKPGSSPKLWIYSTSNLASGVPARFSGSGSGTSYFFTISSMEAEDAATYYCHQYHRSPFTFGAGTKLKIR,QIVLTQSPAIMSVSLGERVTMTCTASSSVS-----SSYLHWYQQKPGSSPKLWIYST-------SNLASGVP-ARFSGSG--SGTSYFFTISSMEAEDAATYYCHQYHR----SPFTFGAGTKLKIR,7_3_9,L
AYJ14112.1,EVQLVESGGGLVQPGGSLRLSCAASGFTFTDYTMDWVRQAPGKGLEWVADVNPNSGGSIYNQRFKGRFTLSVDRSKNTLYLQMNSLRAEDTAVYYCARNLGPSFYFDYWGQGTLVTVSSASTKGPSVFPLAPSSKSTSGGTAALGCLVKDYFPEPVTVSWNSGALTSGVHTFPAVLQSSGLYSLSSVVTVPSSSLGTQTYICNVNHKPSNTKVDKKVEPKSCDKTHTCPPCPAPELLGGPSVFLFPPKPKDTLMISRTPEVTCVVVDVSHEDPEVKFNWYVDGVEVHNAKTKPREEQYNSTYRVVSVLTVLHQDWLNGKEYKCKVSNKALPAPIEKTISKAKGQPREPQVYTLPPSRDELTKNQVSLTCLVKGFYPSDIAVEWESNGQPENNYKTTPPVLDSDGSFFLYSKLTVDKSRWQQGNVFSCSVMHEALHNHYTQKSLSLSPG,EVQLVESGG-GLVQPGGSLRLSCAASGFTF----TDYTMDWVRQAPGKGLEWVADVNPN--SGGSIYNQRFK-GRFTLSVDRSKNTLYLQMNSLRAEDTAVYYCARNLGP-SFYFDYWGQGTLVTVSS,8_8_12,H
ADS49301.1,EIVLTQSPATLSLSPGERVTLTCSASSSVSYMLWYQQKPGQAPKLLIFDTSNLASGIPARFSGSGSGTDYTLTISSLEPEDFAVYYCHQRSGYPYTFGGGTKLEIK,EIVLTQSPATLSLSPGERVTLTCSASSSV-------SYMLWYQQKPGQAPKLLIFDT-------SNLASGIP-ARFSGSG--SGTDYTLTISSLEPEDFAVYYCHQRSG----YPYTFGGGTKLEIK,5_3_9,L
ABW46777.1,QVQLVQSGGGVVQPGRSLRLSCSASGYTFTRYTMHWVRQAPCKGLEWIGYINPSRGYTNYNQKVKDRFTISTDKSKSTAFLQMDSLRPEDTGVYFCARYYDDHYCLDYWGQGTTLTVSS,QVQLVQSGG-GVVQPGRSLRLSCSASGYTF----TRYTMHWVRQAPCKGLEWIGYINPS--RGYTNYNQKVK-DRFTISTDKSKSTAFLQMDSLRPEDTGVYFCARYYDD-HYCLDYWGQGTTLTVSS,8_8_12,H
AKX82788.1,DIVMTQSPSSLSASVGDRVTISCRASQSIRHYVNWYQQKPGKAPKLLIYKASSLASGAPSRFSGSGSGTDFTLTISSLQPDDFATYYCQQSYSIPLTFGGGTKVEIKR,DIVMTQSPSSLSASVGDRVTISCRASQSI------RHYVNWYQQKPGKAPKLLIYKA-------SSLASGAP-SRFSGSG--SGTDFTLTISSLQPDDFATYYCQQSYS----IPLTFGGGTKVEIK,6_3_9,L
QPZ07796.1,EVKLEESGGGLVQPGGSMKLSCAASGFTFSDAWMDWVRQSPEKGLEWVAEIRTKANNHATYYAESVKGRFTISRDDSKSSVYLQMNSLRAEDTGIYYCTRLANWDWYFDVWGAGTTVTVSS,EVKLEESGG-GLVQPGGSMKLSCAASGFTF----SDAWMDWVRQSPEKGLEWVAEIRTKANNHATYYAESVK-GRFTISRDDSKSSVYLQMNSLRAEDTGIYYCTRLANW-DWYFDVWGAGTTVTVSS,8_10_12,H
QPY53611.1,EVQLVESGGGVVQPGGSLRLSCAASGFNIKDYYMHWVRQAPGKGLEWVSWIDPENGDTEYAPSVKGRFTISADTSKNSAYLQMNSLRTEDTALYYCYARGVRQALDYWGQGTLVTVSS,EVQLVESGG-GVVQPGGSLRLSCAASGFNI----KDYYMHWVRQAPGKGLEWVSWIDPE--NGDTEYAPSVK-GRFTISADTSKNSAYLQMNSLRTEDTALYYCYARGVR--QALDYWGQGTLVTVSS,8_8_11,H
AGV86949.1,QVQLQQPGAELVKPGASVKLSCKASGYTFTSYWMQWVKERPGQGLEWIGEIDPSDSYTNYNQKFKGKATLTVDTSSSTACMQLSSLTSEDSAVYYCARGAITTATLDYWGQGTTLTVSS,QVQLQQPGA-ELVKPGASVKLSCKASGYTF----TSYWMQWVKERPGQGLEWIGEIDPS--DSYTNYNQKFK-GKATLTVDTSSSTACMQLSSLTSEDSAVYYCARGAIT-TATLDYWGQGTTLTVSS,8_8_12,H
QBE29498.1,QRPRLSHKGPMPFGGGGSGGGGSGGGGSDIVMTQSPDSLAVSLGERATINCKSSQSVLYSSNNKNYLAWYQQKPGQPPKLLIYWASTRESGVPDRFSGSGSGTDFTLTISSLQAEDVAVYYCQQYYSTYTFGQGTKLEIK,DIVMTQSPDSLAVSLGERATINCKSSQSVLYSSNNKNYLAWYQQKPGQPPKLLIYWA-------STRESGVP-DRFSGSG--SGTDFTLTISSLQAEDVAVYYCQQYY-----STYTFGQGTKLEIK,12_3_8,L
AGP01555.1,EVQLVESGGGLIQPGGSLRLSCAASGFTVRSNYMNWVRQAPGKGLEWVSVIYSNGSTYYTDSVKGRFTISRDSSKNTLNLQMNSLRAEDTAVYYCARGVFRAMANWGQGTLVTVSS,EVQLVESGG-GLIQPGGSLRLSCAASGFTV----RSNYMNWVRQAPGKGLEWVSVIYSN---GSTYYTDSVK-GRFTISRDSSKNTLNLQMNSLRAEDTAVYYCARGVF---RAMANWGQGTLVTVSS,8_7_10,H
QPY47228.1,DVLMTQSPLSLPVTLGQPASISCRSSQSIVHSNGNTYLEWYQQRPGQSPRLLIYKVSNRFSGVPDRFGGRGSGTDFTLKISRVEAEDVGVYYCFQGSHVPYTFGGGTKVEIKRTVAAPSVFIFPPSDEQLKSGTASVVCLLNNFYPREAKVQWKVDNALQSGNSQESVTEQDSKDSTYSLSSTLTLSKADYEKHKVYACEVTHQGLSSPVTKSFNRGEC,DVLMTQSPLSLPVTLGQPASISCRSSQSIVHS-NGNTYLEWYQQRPGQSPRLLIYKV-------SNRFSGVP-DRFGGRG--SGTDFTLKISRVEAEDVGVYYCFQGSH----VPYTFGGGTKVEIK,11_3_9,L
AOL51481.1,DIVLTQSPASLAVSLGQRATISCKASQSVDYDGDSYMNWYQQKPGQPPKLLIYAASNLESGIPARFSGSGSGTDFTLNIHPVEEEDAATYYCQQINEDPFTFGQGTKVEIKR,DIVLTQSPASLAVSLGQRATISCKASQSVDY--DGDSYMNWYQQKPGQPPKLLIYAA-------SNLESGIP-ARFSGSG--SGTDFTLNIHPVEEEDAATYYCQQINE----DPFTFGQGTKVEIK,10_3_9,L
BBI07211.1,MDMKVPTQLLGLLLLWLPGTRCDIQMTQSQSSLSASLGDRVAITCKASHNINSYLAWYQQKQGKAPKLLIYAASNLASGVPSRFSGSGSGTDYSLTISSVEAEDIATYYCQQLSDFPHTFGAG,DIQMTQSQSSLSASLGDRVAITCKASHNI------NSYLAWYQQKQGKAPKLLIYAA-------SNLASGVP-SRFSGSG--SGTDYSLTISSVEAEDIATYYCQQLSD----FPHTFGAG,6_3_9,L
AED46748.1,EVQLVESGGGLVQPGGSLRLSCAASGFTFSSYAMSWVRQAPGKGLEWVSVISGDGGSTYYADSVKGRFTISRDNSKNTLYLQMNSLRAEDTAVYYCARGFDYWGQGTLVTVSS,EVQLVESGG-GLVQPGGSLRLSCAASGFTF----SSYAMSWVRQAPGKGLEWVSVISGD--GGSTYYADSVK-GRFTISRDNSKNTLYLQMNSLRAEDTAVYYCARG-------FDYWGQGTLVTVSS,8_8_6,H
AJO51212.1,EVQLLESGGGLVQPGGSLRLSCAASGFTFSAYMMQWVRQAPGKGLEWVSSISPSGGNTKYADSVKGRFTISRDNSKNTLYLQMNSLRAEDTAVYYCARGDYGYWFDPWGQGTLVTVSS,EVQLLESGG-GLVQPGGSLRLSCAASGFTF----SAYMMQWVRQAPGKGLEWVSSISPS--GGNTKYADSVK-GRFTISRDNSKNTLYLQMNSLRAEDTAVYYCARGDYG--YWFDPWGQGTLVTVSS,8_8_11,H
QEP11336.1,DVVMTQSPESLAVSLGERATINCKSSRNIFNYADSKNHLSWYQHKPGQPPKLLIYWASTRESGVPDRFSGSGSRTEFTLTINSLQAEDVAVYYCQQFYTNPHTFGQGTKVEIK,DVVMTQSPESLAVSLGERATINCKSSRNIFNYADSKNHLSWYQHKPGQPPKLLIYWA-------STRESGVP-DRFSGSG--SRTEFTLTINSLQAEDVAVYYCQQFYT----NPHTFGQGTKVEIK,12_3_9,L
UCY90486.1,EVQLVQSGAEVKKPGESLKISCKGSGYSFMNYWLGWVRQMPGKGLEWMGDIYPGGDYPTYSEKFKVQVTISADKSISTAYLQLSSLKASDTAMYYCARSGNYDEVAYWGQGTLVTVSSASTKGPSVFPLAPSSKSTSGGTAALGCLVKDYFPEPVTVSWNSGALTSGVHTFPAVLQSSGLYSLSSVVTVPSSSLGTQTYICNVNHKPSNTKVDKKVEPKSCDKTHTCPPCPAPELLGGPSVFLFPPKPKDTLMISRTPEVTCVVVDVSHEDPEVKFNWYVDGVEVHNAKTKPREEQYNSTYRVVSVLTVLHQDWLNGKEYKCKVSNKALPAPIEKTISKAKGQPREPQVYTLPPSRDELTKNQVSLTCLVKGFYPSDIAVEWESNGQPENNYKTTPPVLDSDGSFFLYSKLTVDKSRWQQGNVFSCSVMHEALHNHYTQKSLSLSPGKGSSETQANSTTDALNVLLIIVDDLRPSLGCYGDKLVRSPNIDQLASHSLLFQNAFAQQAVCAPSRVSFLTGRRPDTTRLYDFNSYWRVHAGNFSTIPQYFKENGYVTMSVGKVFHPGISSNHTDDSPYSWSFPPYHPSSEKYENTKTCRGPDGELHANLLCPVDVLDVPEGTLPDKQSTEQAIQLLEKMKTSASPFFLAVGYHKPHIPFRYPKEFQKLYPLENITLAPDPEVPDGLPPVAYNPWMDIRQREDVQALNISVPYGPIPVDFQRKIRQSYFASVSYLDTQVGRLLSALDDLQLANSTIIAFTSDHGWALGEHGEWAKYSNFDVATHVPLIFYVPGRTASLPEAGEKLFPYLDPFDSASQLMEPGRQSMDLVELVSLFPTLAGLAGLQVPPRCPVPSFHVELCREGKNLLKHFRFRDLEEDPYLPGNPRELIAYSQYPRPSDIPQWNSDKPSLKDIKIMGYSIRTIDYRYTVWVGFNPDEFLANFSDIHAGELYFVDSDPLQDHNMYNDSQGGDLFQLLMP,EVQLVQSGA-EVKKPGESLKISCKGSGYSF----MNYWLGWVRQMPGKGLEWMGDIYPG--GDYPTYSEKFK-VQVTISADKSISTAYLQLSSLKASDTAMYYCARSGNY--DEVAYWGQGTLVTVSS,8_8_11,H
ATK16353.1,EFALMTQSTDYLAVSLGQRATISCKASQSVDYDGDSYMNWYQQKPGQPPKLLIYAASNLESGIPTRFSGSGFGTDFTLNIHPVEEEDAATYYCQQSNEDPWTFGGGPKLEIK,FALMTQSTDYLAVSLGQRATISCKASQSVDY--DGDSYMNWYQQKPGQPPKLLIYAA-------SNLESGIP-TRFSGSG--FGTDFTLNIHPVEEEDAATYYCQQSNE----DPWTFGGGPKLEIK,10_3_9,L
UOK74380.1,QVQLVDSGGGVVQPGRSLRLSCAASAFTFSSYAMHWVRQAPGKGLEWVAVISYDGSNKYYADSVKGRFTISRDNSKNTLYLQMNSLRAEDTAVYYCARYYYYYYMDVWGKGTTVTVSS,QVQLVDSGG-GVVQPGRSLRLSCAASAFTF----SSYAMHWVRQAPGKGLEWVAVISYD--GSNKYYADSVK-GRFTISRDNSKNTLYLQMNSLRAEDTAVYYCARYYYY--YYMDVWGKGTTVTVSS,8_8_11,H
AYH59247.1,DIQMTQSPTSLSASLGDRVTITCQASQSISSYLAWYQQKPGQAPKLLIYGASRLQTGVPSRFSGSGSGTSFTLTISGLEAEDAGTYYCQQYDSLPVTFGQGTKVELK,DIQMTQSPTSLSASLGDRVTITCQASQSI------SSYLAWYQQKPGQAPKLLIYGA-------SRLQTGVP-SRFSGSG--SGTSFTLTISGLEAEDAGTYYCQQYDS----LPVTFGQGTKVELK,6_3_9,L
BAB38866.1,QQPGAELVKPGGSVKLSCKASGFSFTSYLMHWVKQRPGRGLEWIGRIDPNNGGTKYNEKFKDRATLTLDKPSSTAYMHLSSLTSEDSAVYYCARNFYGGSFDSWGQGTTL,----QQPGA-ELVKPGGSVKLSCKASGFSF----TSYLMHWVKQRPGRGLEWIGRIDPN--NGGTKYNEKFK-DRATLTLDKPSSTAYMHLSSLTSEDSAVYYCARNFYG--GSFDSWGQGTTL,8_8_11,H
AHE22846.1,MMSPAQFLFLLVLWIRETNGDVVMTQTPLTLSVTIGQPASISCKSSQSLLDSDGKTYLNWLLQRPGQSPKRLIYLVSKLDSGVPDRFTGSGSGTDFTLKISRVEAEDLGVYYCWQGTHFPRTFGGGTKLEIK,DVVMTQTPLTLSVTIGQPASISCKSSQSLLDS-DGKTYLNWLLQRPGQSPKRLIYLV-------SKLDSGVP-DRFTGSG--SGTDFTLKISRVEAEDLGVYYCWQGTH----FPRTFGGGTKLEIK,11_3_9,L
AZK29538.1,MRFPSQLLGLLMLWIPGSTGEIVLTQTPLSLSVSPGESASISCKASQSLLYSNGNTYLYWFRQKAGQSPQRVIYRVSNRDPGVPDRFSGSGSGTDFTLRISSVENDDAGVYYCGQGSEDPPTFGAGTKVELKR,EIVLTQTPLSLSVSPGESASISCKASQSLLYS-NGNTYLYWFRQKAGQSPQRVIYRV-------SNRDPGVP-DRFSGSG--SGTDFTLRISSVENDDAGVYYCGQGSE----DPPTFGAGTKVELK,11_3_9,L
AGJ43834.1,VHSDIQMTQSPSSLSASVGDRVTITCKASQDVSIGVAWYQQKPGKAPKLLIYSASYRYTGVPSRFSGSGSGTDFTLTISSLQPEDFATYYCQQYYIYPYTFGQGTKVEIKRTVAAPSVFIFPPSDEQLKSGTASVVCLLNNFYPREAKVQWKVDNALQSGNSQESVTEQDSKDSTYSLSSTLTLSKADYEKHKVYACEVTHQGLSSPVTKSFNRGEC,DIQMTQSPSSLSASVGDRVTITCKASQDV------SIGVAWYQQKPGKAPKLLIYSA-------SYRYTGVP-SRFSGSG--SGTDFTLTISSLQPEDFATYYCQQYYI----YPYTFGQGTKVEIK,6_3_9,L
QBH90267.1,LKISCKASGYSFTIYWIGWVHQMPGKGLEWMGIIYPGDSDSRYSPSFQGQVTISADESISTAYLQWSSLKASDTAMYYCARSLATGANAFDTWGRGTMVTVSS,------------------LKISCKASGYSF----TIYWIGWVHQMPGKGLEWMGIIYPG--DSDSRYSPSFQ-GQVTISADESISTAYLQWSSLKASDTAMYYCARSLATGANAFDTWGRGTMVTVSS,8_8_13,H
QNA62443.1,ENVLTQSPAILSASPGEKVTMTCRASSSVSYMHWYQQKPGSSPRLLIYDTSNLASGVPVRFSGSGSGTSYSLTISRMEAEDAATYYCQQWSSYPYTFGGGTKLEIKR,ENVLTQSPAILSASPGEKVTMTCRASSSV-------SYMHWYQQKPGSSPRLLIYDT-------SNLASGVP-VRFSGSG--SGTSYSLTISRMEAEDAATYYCQQWSS----YPYTFGGGTKLEIK,5_3_9,L
AXA12895.1,QPVLTQPPSVSGAPGQRVSISCTGSNSNIGAGYDVHWYQQLPGTPPKLLIYDNNNRPSGVPDRFSGSKSGTSASLAITGLQAEDEADYYCQSYDNRLSGSQVLFGGGTKVTVL,QPVLTQPPS-VSGAPGQRVSISCTGSNSNIG---AGYDVHWYQQLPGTPPKLLIYDN-------NNRPSGVP-DRFSGSK--SGTSASLAITGLQAEDEADYYCQSYDNRLSGSQVLFGGGTKVTVL,9_3_13,L
QKP62951.1,MSVLTQVLALLLLWLTGARCDIQMTQSPASLSASVGETVTITCRASGNVHNYLAWYQQKQGKSPQLLVYTAKTLADGVPSRFSGSGSGTQYSLKINSLQPEDFGTYYCQHFWSNPWTFGGGTKLEIKRADAAPTVSIFPPSSEQLTSGGASVVCFLNNFYPKDINVKWKIDGSERQNGVLNSWTDQDSKDSTYSMSSTLTLTKDEYERHNSYTCEATHKTSTSPIVKSFNRNEC,DIQMTQSPASLSASVGETVTITCRASGNV------HNYLAWYQQKQGKSPQLLVYTA-------KTLADGVP-SRFSGSG--SGTQYSLKINSLQPEDFGTYYCQHFWS----NPWTFGGGTKLEIK,6_3_9,L
AQN11621.1,DIVLTQSPASLAVSLGQRATISCRASESVDNYGISFMHWYQQKPGQPPKLLIYRASNLESGIPARFSGSGSRTDFTLTINPVETDDVATYYCQQSNKDPFTFGSGAKLEIKR,DIVLTQSPASLAVSLGQRATISCRASESVDN--YGISFMHWYQQKPGQPPKLLIYRA-------SNLESGIP-ARFSGSG--SRTDFTLTINPVETDDVATYYCQQSNK----DPFTFGSGAKLEIK,10_3_9,L
AJM02814.1,QIQLVQSGPELKKPGETVKISCKASGYTFTNYGMNWVKQAPGKGLKWMGWINTDSGESTYAEEFKGRFAFSLETSANTAYLQINNLNNEDTATYFCVRVGYDALDYWGQGTSVTVSS,QIQLVQSGP-ELKKPGETVKISCKASGYTF----TNYGMNWVKQAPGKGLKWMGWINTD--SGESTYAEEFK-GRFAFSLETSANTAYLQINNLNNEDTATYFCVRVGY---DALDYWGQGTSVTVSS,8_8_10,H
APN83716.1,EVQLVQSGAQVKKPGASVKVSCKASGYTFSDNNMDWVRQAPGKGLEWMGDINTKSGGSIYNQKFKGRVIMTIDKSTGTAYMELRSLRSDDTAIYYCARRRSYGYYFDYWGRGTLVTVSS,EVQLVQSGA-QVKKPGASVKVSCKASGYTF----SDNNMDWVRQAPGKGLEWMGDINTK--SGGSIYNQKFK-GRVIMTIDKSTGTAYMELRSLRSDDTAIYYCARRRSY-GYYFDYWGRGTLVTVSS,8_8_12,H
AJM44799.1,AIQMTQSPSSLSASVGDRVTITCRASQDIRNDLGWYQQKPGKAPNLLIYAASSLQSGVPSRFSGSGSGTDFTLTISSLQPEDFATYYCLQDSNYPLTFGGGTKVEIK,AIQMTQSPSSLSASVGDRVTITCRASQDI------RNDLGWYQQKPGKAPNLLIYAA-------SSLQSGVP-SRFSGSG--SGTDFTLTISSLQPEDFATYYCLQDSN----YPLTFGGGTKVEIK,6_3_9,L
AMN89122.1,GPGLVAPSQSLSITCTVSGFSLTSYGVHWVRQPPGKGLEWLGVIWADGSTNYNSALMSRLSISKDNSKSQVFLKINSLQANDTAMYYCARVPQLGPNYFDYWGQGTTL,-------GP-GLVAPSQSLSITCTVSGFSL----TSYGVHWVRQPPGKGLEWLGVIWAD---GSTNYNSALM-SRLSISKDNSKSQVFLKINSLQANDTAMYYCARVPQLGPNYFDYWGQGTTL,8_7_13,H
QEP22868.1,EIVLTQSPATLSLSPGERATLSCRASQSVSSYLAWYQQKPGQAPRLLIYDASNRATGIPARFSGSGSGTDFTLTISSLEPEDFAVYYCQQRSNWPLTFGGGTKVEIK,EIVLTQSPATLSLSPGERATLSCRASQSV------SSYLAWYQQKPGQAPRLLIYDA-------SNRATGIP-ARFSGSG--SGTDFTLTISSLEPEDFAVYYCQQRSN----WPLTFGGGTKVEIK,6_3_9,L
QCA65015.1,MLFGLSWVFLVAILKGVQCAVQLVESGGGVVQPGGSLRLSCAASGFTLDDYVIHWVRQAPRKGLEWVSIRGVDDDTTYYADSVRGRFTVSRDNSKNSLYLQMNNLRADDTAIYFCARLNPAMVEFDYWGQGTLVTVSSASTKGPSVFPLAPCSRSTSESTAALGCLVKDYFPEPVTVSWNSGALTSGVHTFPAVLQSSGLYSLSSVVTVPSSNFGTQTYTCNVDHKPSNTKVDKTVERKCCVECPPCPAPPVAGPSVFLFPPKPKDTHHHHHH,AVQLVESGG-GVVQPGGSLRLSCAASGFTL----DDYVIHWVRQAPRKGLEWVSIRGVD--DDTTYYADSVR-GRFTVSRDNSKNSLYLQMNNLRADDTAIYFCARLNPA-MVEFDYWGQGTLVTVSS,8_8_12,H
AVA51237.1,DIQMTQSPSSLSASVGDRVTITCGASENIYGALNWYQQKPGKAPKLLIYGATNLADGVPSRFSGSGSGTDFTLTISSLQPEDFATYYCQNVLNTPLTFGQGTKVEIKRTVAAPSVFIFPPSDEQLKSGTASVVCLLNNFYPREAKVQWKVDNALQSGNSQESVTEQDSKDSTYSLSSTLTLSKADYEKHKVYACEVTHQGLSSPVTKSFNRGEC,DIQMTQSPSSLSASVGDRVTITCGASENI------YGALNWYQQKPGKAPKLLIYGA-------TNLADGVP-SRFSGSG--SGTDFTLTISSLQPEDFATYYCQNVLN----TPLTFGQGTKVEIK,6_3_9,L
QRM07346.1,DIVMTQSPSFLSASVGDRVTITCKGNQPLGHAVAWYQQKPGKSPKLLIYSASNRYTGVPDRFSGSGSGTDFTLTISSLQPEDFADYFCQQYDDYPYTFGGGTKLEIK,DIVMTQSPSFLSASVGDRVTITCKGNQPL------GHAVAWYQQKPGKSPKLLIYSA-------SNRYTGVP-DRFSGSG--SGTDFTLTISSLQPEDFADYFCQQYDD----YPYTFGGGTKLEIK,6_3_9,L
UCY74906.1,DIQMTQTTSSLSASLGDRVTISCSASQGISNYLNWYQQKPDGTVKLLIYYTSSLHSGVPSRFSGSGSGTDYSLTISNLEPEDIATYYCQQYSKLPFTFGSGTKLEIK,DIQMTQTTSSLSASLGDRVTISCSASQGI------SNYLNWYQQKPDGTVKLLIYYT-------SSLHSGVP-SRFSGSG--SGTDYSLTISNLEPEDIATYYCQQYSK----LPFTFGSGTKLEIK,6_3_9,L
AVY24896.1,DIQMTQTPSSLSASLGDRVTINCRASQDISNYFNWYQQKPNGTIKLLIYYTSRLQSGVPSRFSGSGSGTDYSLTISNLEQEDKATYFCHQVRTLPWTFGGGTKLEIK,DIQMTQTPSSLSASLGDRVTINCRASQDI------SNYFNWYQQKPNGTIKLLIYYT-------SRLQSGVP-SRFSGSG--SGTDYSLTISNLEQEDKATYFCHQVRT----LPWTFGGGTKLEIK,6_3_9,L
QPW86199.1,EVQLVQSGAEVKKPGESLKISCKGSGYSFTNYWLGWVRQMPGKGLEWMGDIYPGGDYPTYSEKFKVQVTISADKSISTAYLQWSSLKASDTAMYYCARSGNYDEVAYWGQGTLVTVSSASTKGPSVFPLAPSSKSTSGGTAALGCLVKDYFPEPVTVSWNSGALTSGVHTFPAVLQSSGLYSLSSVVTVPSSSLGTQTYICNVNHKPSNTKVDKKVEPKSCDKTHTCPPCPAPELLGGPSVFLFPPKPKDTLMISRTPEVTCVVVDVSHEDPEVKFNWYVDGVEVHNAKTKPREEQYNSTYRVVSVLTVLHQDWLNGKEYKCKVSNKALPAPIEKTISKAKGQPREPQVYTLPPSRDELTKNQVSLTCLVKGFYPSDIAVEWESNGQPENNYKTTPPVLDSDGSFFLYSKLTVDKSRWQQGNVFSCSVMHEALHNHYTQKSLSLSPGK,EVQLVQSGA-EVKKPGESLKISCKGSGYSF----TNYWLGWVRQMPGKGLEWMGDIYPG--GDYPTYSEKFK-VQVTISADKSISTAYLQWSSLKASDTAMYYCARSGNY--DEVAYWGQGTLVTVSS,8_8_11,H
AFO06301.1,DIQMTQSPPSLSASLGERVSLTCRASQEISGYLIWLQQKPDGTIQRLIYAASTLDSGVPKRFSGSRSGSDYSLTISSLESEDFADYYCLQYANYPPTFGGGTKLEIKR,DIQMTQSPPSLSASLGERVSLTCRASQEI------SGYLIWLQQKPDGTIQRLIYAA-------STLDSGVP-KRFSGSR--SGSDYSLTISSLESEDFADYYCLQYAN----YPPTFGGGTKLEIK,6_3_9,L
BBI10383.1,MRVSSQLLGLLLLWIPGNKCDIQMTQSPSSISASIGERVTISCRASQGINKWLAWYQQKPGKAPKLLIYQANKLESGVPSRFSGSGAGTDFTLTISSLEPEDVATYYCQQYDSSPWTFGAG,DIQMTQSPSSISASIGERVTISCRASQGI------NKWLAWYQQKPGKAPKLLIYQA-------NKLESGVP-SRFSGSG--AGTDFTLTISSLEPEDVATYYCQQYDS----SPWTFGAG,6_3_9,L
ACN09390.1,DIVMTQSPGTLSLSPGERATLSCRASQSVSNNYLAWYQQKPGQAPRLLIYGTSNRVSGIPDRFSGSGSGTDFTLTISRLEPEDFELYYCQQYSRSPITFGQGTRLEIK,DIVMTQSPGTLSLSPGERATLSCRASQSVS-----NNYLAWYQQKPGQAPRLLIYGT-------SNRVSGIP-DRFSGSG--SGTDFTLTISRLEPEDFELYYCQQYSR----SPITFGQGTRLEIK,7_3_9,L
ACS95696.1,EVQLVESGGGLVKPGGSLRLSCAVSGFTLSNYWMNWVRQIPGKGLEWVSSISSTSSYIYYSDSVKGRFTISRDNDKNSIYLQMDRVRADDTAVYYCTSGVTLDYWGQGTLVAVSS,EVQLVESGG-GLVKPGGSLRLSCAVSGFTL----SNYWMNWVRQIPGKGLEWVSSISST--SSYIYYSDSVK-GRFTISRDNDKNSIYLQMDRVRADDTAVYYCTSGV-----TLDYWGQGTLVAVSS,8_8_8,H
QHZ43222.1,MMSPVQSLFLLLLWILGTNGDVVLTQAPPTLSATIGQSVSISCRSSQSLLHRNGNTYLNWLLQRPGQPPQLLIYLVSRLESGVPNRFSGSGSGTAFTLKISGLEAEDLGVYYCVQGTHAPLTFGSGTKLEIKRGSDYEFLKSWTVEDLQKRLLALDPMMEQEIEEIRCKYQSKRQPILDAIEAKTGHHHHHH,DVVLTQAPPTLSATIGQSVSISCRSSQSLLHR-NGNTYLNWLLQRPGQPPQLLIYLV-------SRLESGVP-NRFSGSG--SGTAFTLKISGLEAEDLGVYYCVQGTH----APLTFGSGTKLEIK,11_3_9,L
QEP27131.1,DIVMTQSPDSLAVSLGERATINCKSSQSVLYSSNNKNYLAWYQQKPGQPPKLLIYWASTRESGVPDRFSGSGSGTDFTLTISSLQAEDVAVYYCQQYYSTPYTFGQGTKLEIK,DIVMTQSPDSLAVSLGERATINCKSSQSVLYSSNNKNYLAWYQQKPGQPPKLLIYWA-------STRESGVP-DRFSGSG--SGTDFTLTISSLQAEDVAVYYCQQYYS----TPYTFGQGTKLEIK,12_3_9,L
AOK76348.1,DIVMTQSPLSLPVTPGEPASISCKSSQSLLAWSNQNNYLAWYLQKPGQSPQLLIYWAITRVGGVPDRFSGSGSGTDFTLKISRVEAEDVGVYYCQQSYSRPLTFGQGTKLEIKRT,DIVMTQSPLSLPVTPGEPASISCKSSQSLLAWSNQNNYLAWYLQKPGQSPQLLIYWA-------ITRVGGVP-DRFSGSG--SGTDFTLKISRVEAEDVGVYYCQQSYS----RPLTFGQGTKLEIK,12_3_9,L
AIL31042.1,EVQLVESGGGLVKPGGSLRLSCAASGFTFSIYNMNWVRQAPGKGLEWVSSISSSSSSIYYADSVKGRFTISRDNAKNSLFLQMNSLRVEDTAVYYCAREITGTSDWFDPWGQGTLVTVSS,EVQLVESGG-GLVKPGGSLRLSCAASGFTF----SIYNMNWVRQAPGKGLEWVSSISSS--SSSIYYADSVK-GRFTISRDNAKNSLFLQMNSLRVEDTAVYYCAREITGTSDWFDPWGQGTLVTVSS,8_8_13,H
AZJ58718.1,EVQLLESGGGLVQPGGSLRLSCAASGFTFSSYAMSWVRQAPGKGLEWVSAISGSGGSTYYADSVKGRFTISRDNSKNTLYLQMNSLRVEDTAVYYCAKPAGYSYGYFDYWGQGTLVTVSS,EVQLLESGG-GLVQPGGSLRLSCAASGFTF----SSYAMSWVRQAPGKGLEWVSAISGS--GGSTYYADSVK-GRFTISRDNSKNTLYLQMNSLRVEDTAVYYCAKPAGYSYGYFDYWGQGTLVTVSS,8_8_13,H
AJO46026.1,DIQMTQSPSSLSASVGDRVTITCKASQGVSNDVAWYQQKPGKAPKLLIYSASYRYTGVPSRFSGSGSGTDFTFTISSLQPEDIATYYCQQHSTTPYTFGQGTKLEIK,DIQMTQSPSSLSASVGDRVTITCKASQGV------SNDVAWYQQKPGKAPKLLIYSA-------SYRYTGVP-SRFSGSG--SGTDFTFTISSLQPEDIATYYCQQHST----TPYTFGQGTKLEIK,6_3_9,L
AYJ18524.1,EVQLLESGGGVVQPGRSLRLSCEVFGFTLSTNGMHWVRQAPGRRLEWVAGVLSSGNNEFYADSVKGRFTISRDIATNRLYLQMRSLRAEDTALYYCAREVLERREYFDYWGQGTLVTVSS,EVQLLESGG-GVVQPGRSLRLSCEVFGFTL----STNGMHWVRQAPGRRLEWVAGVLSS--GNNEFYADSVK-GRFTISRDIATNRLYLQMRSLRAEDTALYYCAREVLERREYFDYWGQGTLVTVSS,8_8_13,H
AQM76548.1,QVQLVQSGAEVKKPGASVKVSCKASGYTFTRYWIHWIRQAPGQGLEWMGYINPTTVYTEFNQNFKDRVTMTRDTSTSTVYMELSSLRSEDTAVYYCARGGSNFFDYWGQGTTVTVSS,QVQLVQSGA-EVKKPGASVKVSCKASGYTF----TRYWIHWIRQAPGQGLEWMGYINPT--TVYTEFNQNFK-DRVTMTRDTSTSTVYMELSSLRSEDTAVYYCARGGS---NFFDYWGQGTTVTVSS,8_8_10,H
ATK50894.1,EVRLVETGGGLVQPEGSLKLSCAASGFTFNANAMNWVRQVPGKGLEWVARIRSKTRNYAIYYADSVKDRFTISRDDSQSMLYLQMFNLKTEDTAMYYCVRDGWWWGQGTSVTVSS,EVRLVETGG-GLVQPEGSLKLSCAASGFTF----NANAMNWVRQVPGKGLEWVARIRSKTRNYAIYYADSVK-DRFTISRDDSQSMLYLQMFNLKTEDTAMYYCVRD-------GWWWGQGTSVTVSS,8_10_6,H
AXP30588.1,QSVLTQPPSVSAAPGQKVTISCSGSSSNVGNNYVSWYQCLPGTAPKLLIFENNKRPSGIPDRFSGSKSGTSATLAITGLQTGDEADYYCGTWDNSLNTGGVFGAGTKVPVL,QSVLTQPPS-VSAAPGQKVTISCSGSSSNV----GNNYVSWYQCLPGTAPKLLIFEN-------NKRPSGIP-DRFSGSK--SGTSATLAITGLQTGDEADYYCGTWDNS-LNTGGVFGAGTKVPVL,8_3_12,L
CAJ21110.1,EVQLVESGGGLVQPGGSLRLSCAASGFTFSSYSMNWVRQAPGKGLEWVSYISSSSSTIYYADSVKGRFTISRDNAKNSLYLQMNSLRDEDTAVYYCAKETWWQSFDYWGQGTLVTVSSGGGGSGGGGSGGGGSEIELTQSPSSLSASVGDRVTITCRASQSISSYLNWYQQKPGKAPKLLIYAASSLQSGVPSRFSGSGSGTDFTLTISSLQPEDFATYYCQQSYSTPPTFGQGTKVEIKR,EVQLVESGG-GLVQPGGSLRLSCAASGFTF----SSYSMNWVRQAPGKGLEWVSYISSS--SSTIYYADSVK-GRFTISRDNAKNSLYLQMNSLRDEDTAVYYCAKETWW--QSFDYWGQGTLVTVSS,8_8_11,H
AMF77133.1,QIVLTQSPAIMSASPGEKVTITCSASSSVSYMHWFQQKPGTSPKLWIYSTSNLASGVPARFSGSGSGTSYSLTISRMEAEDAATYYCQQRSSYPPTFGGGTKLEIKR,QIVLTQSPAIMSASPGEKVTITCSASSSV-------SYMHWFQQKPGTSPKLWIYST-------SNLASGVP-ARFSGSG--SGTSYSLTISRMEAEDAATYYCQQRSS----YPPTFGGGTKLEIK,5_3_9,L
WCP84618.1,LGAPGGSRGLSCEGSGFTFSGFWMSWVRQTPGKTLEWIGDINSDGSAINYAPSIKDRFTIFRDNDKSTLYLQMSNVRSEDTATYFCMRYGNYWYFDVWGAGTTVTVSSESQSFPNDWXXXLQ,-------------APGGSRGLSCEGSGFTF----SGFWMSWVRQTPGKTLEWIGDINSD--GSAINYAPSIK-DRFTIFRDNDKSTLYLQMSNVRSEDTATYFCMRYGNY--WYFDVWGAGTTVTVSS,8_8_11,H
QPY92989.1,QVQLVESGGGVVQPGRSLRLSCAASGFTFSSYTMHWVRQAPGKGLEWVTFISYDGNNKYYADSVKGRFTISRDNSKNTLYLQMNSLRAEDTAIYYCARTGWLGPFDYWGQGTLVTVSS,QVQLVESGG-GVVQPGRSLRLSCAASGFTF----SSYTMHWVRQAPGKGLEWVTFISYD--GNNKYYADSVK-GRFTISRDNSKNTLYLQMNSLRAEDTAIYYCARTGWL--GPFDYWGQGTLVTVSS,8_8_11,H
BAJ10997.1,QVQLQQPGAELVKPGASVKLSCKASGYTFTSYWMHWVKQRPGRGLEWIGRIDPNSGGTKYNEKFKSKATLTVDKPSSTAYMQLSSLTSEDSAVYYCARYYSKGGYYFDYWGQGTTL,QVQLQQPGA-ELVKPGASVKLSCKASGYTF----TSYWMHWVKQRPGRGLEWIGRIDPN--SGGTKYNEKFK-SKATLTVDKPSSTAYMQLSSLTSEDSAVYYCARYYSKGGYYFDYWGQGTTL,8_8_13,H
AVD15056.1,EIVLTQSPGTLSLSPGERATLSCERSSGDIWGYYVSWYQQKPGQAPRLLIYADDLRASGIPDRFSGSGSGTDFTLTISRLEPEDFAVYYCQSYDINIDVVFGGGTKVEIK,EIVLTQSPGTLSLSPGERATLSCERSSGDIW-----GYYVSWYQQKPGQAPRLLIYAD-------DLRASGIP-DRFSGSG--SGTDFTLTISRLEPEDFAVYYCQSYDI---NIDVVFGGGTKVEIK,7_3_10,L
UOH22464.1,EIVLTQSPATLSLSPGERATLSCRTSQSVSSFLAWYQQKPGQAPRLLIYDASNRATGIPARFSGSGSGTDFTLTISSLEPEDFAVYYCQQYEFFGQGTKLEIKR,EIVLTQSPATLSLSPGERATLSCRTSQSV------SSFLAWYQQKPGQAPRLLIYDA-------SNRATGIP-ARFSGSG--SGTDFTLTISSLEPEDFAVYYCQQY--------EFFGQGTKLEIK,6_3_5,L
QFO52072.1,MKHLWFFLLLVAAPRWVLSQVQLVQSGAEVKKPGASVKVSCKASGYPVTSYYISWIRQAPGQGLEYIGYVDMGNGRTNYNEKFKGRATLTVDKSTSTAYMELSSLRSEDTAVYYCARDSNWGVDYWGQGTLVTVSSASTKGPSVFPLAPSSKSTSGGTAALGCLVKDYFPEPVTVSWNSGALTSGVHTFPAVLQSSGLYSLSSVVTVPSSSLGTQTYICNVNHKPSNTKVDKRVEPKSCDKTHTCPPCPAPELLGGPSVFLFPPKPKDTLMISRTPEVTCVVVDVSHEDPEVKFNWYVDGVEVHNAKTKPREEQYNSTYRVVSVLTVLHQDWLNGKEYKCKVSNKALPAPIEKTISKAKGQPREPQVYTLPPSREEMTKNQVSLTCLVKGFYPSDIAVEWESNGQPENNYKTTPPVLDSDGSFFLYSKLTVDKSRWQQGNVFSCSVMHEALHNHYTQKSLSLSPGK,QVQLVQSGA-EVKKPGASVKVSCKASGYPV----TSYYISWIRQAPGQGLEYIGYVDMG--NGRTNYNEKFK-GRATLTVDKSTSTAYMELSSLRSEDTAVYYCARDSN---WGVDYWGQGTLVTVSS,8_8_10,H
AGA36774.1,DIQMTQSPSSLSASVGDRVTITCQASQDISNYLNWYQQKPGKAPKVLIYFTSSLHSGVPSRFSGSGSGTDYTLTISSLQPEDFATYYCQQYDNLPWTFGGGTKLEIK,DIQMTQSPSSLSASVGDRVTITCQASQDI------SNYLNWYQQKPGKAPKVLIYFT-------SSLHSGVP-SRFSGSG--SGTDYTLTISSLQPEDFATYYCQQYDN----LPWTFGGGTKLEIK,6_3_9,L
QBE29639.1,DIVLTQSPDSLAVSLGERATINCRASESVDTFDYSFLHWYQQKPGQPPKLLIYRASNLESGVPDRFSGSGSGTDFTLTISSLQAEDVAVYYCQQSNEDPYTFGQGTKLEIKRTVAAPSVFIFPPSDEQLKSGTASVVCLLNNFYPREAKVQWKVDNALQSGNSQESVTEQDSKDSTYSLSSTLTLSKADYEKHKVYACEVTHQGLSSPVTKSFNRGEC,DIVLTQSPDSLAVSLGERATINCRASESVDT--FDYSFLHWYQQKPGQPPKLLIYRA-------SNLESGVP-DRFSGSG--SGTDFTLTISSLQAEDVAVYYCQQSNE----DPYTFGQGTKLEIK,10_3_9,L
AEQ43353.1,DIQMTQSPSSLSASVGDRVTITCHASQNIYVWLNWYQQKPGKAPKLLIYKASNLHTGVPSRFSGSGSGTDFTLTISSLQPEDFATYYCQQGQTYPYTFGGGTKVEIK,DIQMTQSPSSLSASVGDRVTITCHASQNI------YVWLNWYQQKPGKAPKLLIYKA-------SNLHTGVP-SRFSGSG--SGTDFTLTISSLQPEDFATYYCQQGQT----YPYTFGGGTKVEIK,6_3_9,L
S20631,METPAQLLFLLLLWLPETTGEIVLTQSPGTLSLSPGERATLSCRASQKIKNNYLAWYQQKPGQAPSLVIYGVSIRATGIPDRFSGSGSETDFTLTISRLEPEDFAVYYCHQYGYTPLTFGGGTKVEIKRTAAAPSVFIFPPSDEQ,EIVLTQSPGTLSLSPGERATLSCRASQKIK-----NNYLAWYQQKPGQAPSLVIYGV-------SIRATGIP-DRFSGSG--SETDFTLTISRLEPEDFAVYYCHQYGY----TPLTFGGGTKVEIK,7_3_9,L
AAD16562.1,PSSFSASTGDRVTITCRASQGISSNLAWYQQKPGKAPKLLIYAASTLQSGVPSRFSGSGSGTDFTLTISCLQSEDFATYYCQQYYIYPWTFGQGTNVEIKRTVAAP,-------PSSFSASTGDRVTITCRASQGI------SSNLAWYQQKPGKAPKLLIYAA-------STLQSGVP-SRFSGSG--SGTDFTLTISCLQSEDFATYYCQQYYI----YPWTFGQGTNVEIK,6_3_9,L
AUE68963.1,DIQMTQSPSSLSASVGDRVTITCSASQSISYIYWFQQKPGKAPKRLIYGTSELASGVPSRFSGSGSGTDFTLTISSLQPEDFATYYCQQRNSYPLTFGQGTKLEIK,DIQMTQSPSSLSASVGDRVTITCSASQSI-------SYIYWFQQKPGKAPKRLIYGT-------SELASGVP-SRFSGSG--SGTDFTLTISSLQPEDFATYYCQQRNS----YPLTFGQGTKLEIK,5_3_9,L
QZB58903.1,DIQLTQSPSFLSASVGDRVTITCRASQGINNYLAWYQQKPGKAPKLLIFAASTLQSGVPSRFSGSGSGTEFTLTISSLQPEDFATYYCQQLNSDPALTFGGGTKVEIK,DIQLTQSPSFLSASVGDRVTITCRASQGI------NNYLAWYQQKPGKAPKLLIFAA-------STLQSGVP-SRFSGSG--SGTEFTLTISSLQPEDFATYYCQQLNS---DPALTFGGGTKVEIK,6_3_10,L
QDA81759.1,EVQLVESGGGLVQPGGSLRLSCAASGFDFSRSWMNWVRQAPGKGLEWVSEINPDSSTINYATSVKGRFTISRDNSKNTLYLQMNSLRAEDTAVYYCARYGNWFPYWGQGTLVTVSSASTKGPSVFPLAPSSKSTSGGTAALGCLVKDYFPEPVTVSWNSGALTSGVHTFPAVLQSSGLYSLSSVVTVPSSSLGTQTYICNVNHKPSDTKVDKKVEPKSCDKTHTCPPCPAPPVAGPSVFLFPPKPKDTLMISRTPEVTCVVVDVKHEDPEVKFNWYVDGVEVHNAKTKPREEEYNSTYRVVSVLTVLHQDWLNGKEYKCKVSNKALPAPIEKTISKAKGQPREPQVYTLPPSREEMTKNQVSLTCDVSGFYPSDIAVEWESDGQPENNYKTTPPVLDSDGSFFLYSKLTVDKSRWEQGDVFSCSVMHEALHNHYTQKSLSLSPGK,EVQLVESGG-GLVQPGGSLRLSCAASGFDF----SRSWMNWVRQAPGKGLEWVSEINPD--SSTINYATSVK-GRFTISRDNSKNTLYLQMNSLRAEDTAVYYCARYGN----WFPYWGQGTLVTVSS,8_8_9,H
QPY74349.1,DIVLTQSPSSLSASVGDRVTITCRASQSVDYDGDSYMNWYQQKPGKPPKLLIYAASELESGIPARFSGSGSGTDFTLTISSLQPEDFATYYCQQSNEDPFTFGSGTKLEIKRTVAAPSVFIFPPSDEQLKSGTASVVCLLNNFYPREAKVQWKVDNALQSGNSQESVTEQDSKDSTYSLSSTLTLSKADYEKHKVYACEVTHQGLSSPVTKSFNRGEC,DIVLTQSPSSLSASVGDRVTITCRASQSVDY--DGDSYMNWYQQKPGKPPKLLIYAA-------SELESGIP-ARFSGSG--SGTDFTLTISSLQPEDFATYYCQQSNE----DPFTFGSGTKLEIK,10_3_9,L
UYI35877.1,QVQLQESGPGLVKPSETLSLTCAVSGGSISSNYWSWIRQSPEKGLEWIGYIYGGSGSTNYNPSLKSRVTISTDTSKNQFSLNLTSVTAADTAVYYCARYSHYFSGSFGSWGQGVLVTVSS,QVQLQESGP-GLVKPSETLSLTCAVSGGSI----SSNYWSWIRQSPEKGLEWIGYIYGG--SGSTNYNPSLK-SRVTISTDTSKNQFSLNLTSVTAADTAVYYCARYSHYFSGSFGSWGQGVLVTVSS,8_8_13,H
AUE73446.1,DIVLTQSPASLAVSLGQRATIACKASQSVDYDGTSYMNWYQQKPGQPPKLLIYAASNLESEIPARFSGTGSGTDFTLNIHPVEEEDITTYYCQQSNEDPFTFGGGTKLEIKRADAAPTVSIFPPSSEQLTSGGASVVCFLNNFYPKDINVKWKIDGSERQNGVLNSWTDQDSKDSTYSMSSTLTLTKDEYERHNSYTCEATHKTSTSPIVKSFNRNEC,DIVLTQSPASLAVSLGQRATIACKASQSVDY--DGTSYMNWYQQKPGQPPKLLIYAA-------SNLESEIP-ARFSGTG--SGTDFTLNIHPVEEEDITTYYCQQSNE----DPFTFGGGTKLEIK,10_3_9,L
QPY50733.1,EVQLVESGGGLVKPGGSLRLSCAASGFTFSNYWMNWVRQAPGKGLEWVGEIRLKSNNYATHYAEPVKGRFTISRDDSKSTVYLQMNSLKTEDTAVYYCTRYYGNYGGYFDVWGAGTLVTVSSASTKGPSVFPLAPSSKSTSGGTAALGCLVKDYFPEPVTVSWNSGALTSGVHTFPAVLQSSGLYSLSSVVTVPSSSLGTQTYICNVNHKPSNTKVDKKVEPKSCDKTHTCPPCPAPPVAGPSVFLFPPKPKDTLMISRTPEVTCVVVDVKHEDPEVKFNWYVDGVEVHNAKTKPREEQYNSTYRVVSVLTVLHQDWLNGKEYKCKVSNKALPAPIEKTISKAKGQPREPQVYTLPPSREEMTKNQVSLTCLVKGFYPSDIAVEWESNGQPENNYKTTPPVLDSDGSFFLYSKLTVDKSRWQQGNVFSCSVMHEALHNHYTQKSLSLSPGK,EVQLVESGG-GLVKPGGSLRLSCAASGFTF----SNYWMNWVRQAPGKGLEWVGEIRLKSNNYATHYAEPVK-GRFTISRDDSKSTVYLQMNSLKTEDTAVYYCTRYYGNYGGYFDVWGAGTLVTVSS,8_10_13,H
UOJ34947.1,DIQMTQSPSSLSASVGDRVTITCRASQDITNYLNWYQQKPGKAPKLLIYYTSRLHSGVPSRFSGSGSGTDYTLTISSLQPEDFATYYCQQGDTLPWTFGQGTKLEIKRTVAAPSVFIFPPSDEQLKSGTASVVCLLNNFYPREAKVQWKVDNALQSGNSQESVTEQDSKDSTYSLSSTLTLSKADYEKHKVYACEVTHQGLSSPVTKSFNRGEC,DIQMTQSPSSLSASVGDRVTITCRASQDI------TNYLNWYQQKPGKAPKLLIYYT-------SRLHSGVP-SRFSGSG--SGTDYTLTISSLQPEDFATYYCQQGDT----LPWTFGQGTKLEIK,6_3_9,L
AVY90758.1,ADIQMTQSPSTLSASVGDRVTITCRASQSISTYLSWYQQKPGKAPKRLIYKASSLASGVPSRFSGSGSGTEFTLTISSLQPDDAATYYCQPNSGIATYGAAFGGGTKVEIKRTVAAPSVFIFPPSDEQLKSGTASVVCLLNNFYPREAKVQWKVDNALQSGNSQESVTEQDSKDSTYSLSSTLTLSKADYEKHKVYACEVTHQGLSSPVTKSFNRGEC,DIQMTQSPSTLSASVGDRVTITCRASQSI------STYLSWYQQKPGKAPKRLIYKA-------SSLASGVP-SRFSGSG--SGTEFTLTISSLQPDDAATYYCQPNSGI-ATYGAAFGGGTKVEIK,6_3_12,L
CEF91383.1,CCFLLSPGVLSQVRLQQSGPGLMKPSETLSLTCAISGDSVSSNSAAWNWIRQSPSSGLEWLGRTYYRSRWYNEYADSVRSRITINPDTSKNQFSLHLTSVTPEDTSVYYCARDVPMRNWFDTWGQGTL,QVRLQQSGP-GLMKPSETLSLTCAISGDSVS--SNSAAWNWIRQSPSSGLEWLGRTYYRS-RWYNEYADSVR-SRITINPDTSKNQFSLHLTSVTPEDTSVYYCARDVPM-RNWFDTWGQGTL,10_9_12,H
QPT92533.1,DIQMTQSPSFLSASVGDRVTITCWASQDISSFLAWYQQKPGKAPKLLIYSASTLQSGVPSRFSGSGSGTEFTLTISSLQPEDFATYYCQQLNSYALTFGGGTKVEIKR,DIQMTQSPSFLSASVGDRVTITCWASQDI------SSFLAWYQQKPGKAPKLLIYSA-------STLQSGVP-SRFSGSG--SGTEFTLTISSLQPEDFATYYCQQLNS----YALTFGGGTKVEIK,6_3_9,L
AVX55882.1,DVKLVESGGGLVKPGGSLKLSCAASGFTFSSYTMSWVRQTPEKRLEWVATISSGGSYPYYPDSVKGRFTISRDNAKNTLYLQMSSLKSEDTAMYYCTRDVYDGYSYWGQGTTLTVSS,DVKLVESGG-GLVKPGGSLKLSCAASGFTF----SSYTMSWVRQTPEKRLEWVATISSG--GSYPYYPDSVK-GRFTISRDNAKNTLYLQMSSLKSEDTAMYYCTRDVY---DGYSYWGQGTTLTVSS,8_8_10,H
ABW80119.1,SLRLSCAASGFTFSSYAMSWVRQAPGKGLEWVSAISGSGGSTYYADSVKGRFTISRDNSKNTVYLQMNSLRVEDTAVYYCAKDFPDGYTDRNWGQGTLVTVSSGSASAPTLFPLVSCENSPSDTS,-----------------SLRLSCAASGFTF----SSYAMSWVRQAPGKGLEWVSAISGS--GGSTYYADSVK-GRFTISRDNSKNTVYLQMNSLRVEDTAVYYCAKDFPD-GYTDRNWGQGTLVTVSS,8_8_12,H
ADS40422.1,QVQLVESGGGVVQPGRSLRLSCTASGFTFSSFGMHWVRQAPGRGLEWVAVISYDGSKKYYADSVKVRFTISRDNSKNTLYLQMNSLRVDDTAVYFCAKEGRTGNWFDPWGQGTLVAVSS,QVQLVESGG-GVVQPGRSLRLSCTASGFTF----SSFGMHWVRQAPGRGLEWVAVISYD--GSKKYYADSVK-VRFTISRDNSKNTLYLQMNSLRVDDTAVYFCAKEGRT-GNWFDPWGQGTLVAVSS,8_8_12,H
CAE18250.1,SVVTQEPSFSVSPGGTVTLTCGLSHGSVSTTPIPSWYQQTPGQTPRTLVYSTDSRSSGVPDRFSGSILGNKAALTITGAQADDESEYYCVLYVGSGRWVFGGGTKLT,-SVVTQEPS-FSVSPGGTVTLTCGLSHGSVS---TTPIPSWYQQTPGQTPRTLVYST-------DSRSSGVP-DRFSGSI--LGNKAALTITGAQADDESEYYCVLYVG---SGRWVFGGGTKLT,9_3_10,L
QXD47039.1,DIQLTQSPSFLSASVGDRVTITCWASQGISSYLAWYQQKPGKAPKLLIYAASTLQSGVPSRFSGSGSGTEFTLTISSLQPEDFATYYCQQLNSYPLTFGGGTKVEIKRTVAAPSVFIFPPSDEQLKSGTASVVCLLNNFYPREAKVQWKVDNALQSGNSQESVTEQDSKDSTYSLSSTLTLSKADYEKHKVYACEVTHQGLSSPVTKSFNRGEC,DIQLTQSPSFLSASVGDRVTITCWASQGI------SSYLAWYQQKPGKAPKLLIYAA-------STLQSGVP-SRFSGSG--SGTEFTLTISSLQPEDFATYYCQQLNS----YPLTFGGGTKVEIK,6_3_9,L
UOJ51019.1,EVQLLESGGGLVQPGGSLRLSCAASGFTFVSDTMSWVRQAPGKGLEWVSRIDGTGGDTYYADSVKGRFTISRDNSKNTLYLQMNSLRAEDTAVYYCAKGQVPELLFDYWGQGTLVTVSS,EVQLLESGG-GLVQPGGSLRLSCAASGFTF----VSDTMSWVRQAPGKGLEWVSRIDGT--GGDTYYADSVK-GRFTISRDNSKNTLYLQMNSLRAEDTAVYYCAKGQVP-ELLFDYWGQGTLVTVSS,8_8_12,H
QPY55111.1,DTVLTQSPASLAVSLGQRATISCKASQSVDYDGDSYMNWYQQKPGQPPKLLIYAASNLESGIPARLSGSGSGTDFTLNIHPVEEEDAATYYCQQSNEDPFTFGSGTKLEVK,DTVLTQSPASLAVSLGQRATISCKASQSVDY--DGDSYMNWYQQKPGQPPKLLIYAA-------SNLESGIP-ARLSGSG--SGTDFTLNIHPVEEEDAATYYCQQSNE----DPFTFGSGTKLEVK,10_3_9,L
USE06742.1,NFMLTQPHSVSESPGKTVTISCTGSSGSIASNYVQWYQQRPGSAPTIVIYEDNQRPSGVPDRFSGSIDSSSNSASLTISGLKTEDEADYYCQSYDSNIHVVFGGGTKLTVL,NFMLTQPHS-VSESPGKTVTISCTGSSGSI----ASNYVQWYQQRPGSAPTIVIYED-------NQRPSGVP-DRFSGSIDSSSNSASLTISGLKTEDEADYYCQSYDS---NIHVVFGGGTKLTVL,8_3_10,L
AUF01807.1,EVQLLESGGGLVQPGGSLRLSCAASGFTFRNHDMGWVRQAPGKGLEWVSAISGSGGSTYYADSVKGRFTISRDNSKNTLYLQMNSLRAEDTAVYYCAEPKPMDTEFDYRFPGTLVTVSS,EVQLLESGG-GLVQPGGSLRLSCAASGFTF----RNHDMGWVRQAPGKGLEWVSAISGS--GGSTYYADSVK-GRFTISRDNSKNTLYLQMNSLRAEDTAVYYCAEPKPM-DTEFDYRFPGTLVTVSS,8_8_12,H
ATJ74209.1,EVQLLESGGGLVQPGGSLRLSCAASGFTFSTYAMSWVRQAPGKGLEWVSGINTGGGSTGYADSVKGRFTISRDNSKNTLYLQMNSLRAEDTAVYYCAKDWMATTPWGQGTLVTVSS,EVQLLESGG-GLVQPGGSLRLSCAASGFTF----STYAMSWVRQAPGKGLEWVSGINTG--GGSTGYADSVK-GRFTISRDNSKNTLYLQMNSLRAEDTAVYYCAKDWM----ATTPWGQGTLVTVSS,8_8_9,H
QTW08245.1,DIQMTQTTSSLSASLGDRVTISCRASQDISKYLNWYQQQPDGTIKLLIYYTSRLHSGVPSRFSGRGSGTDYSLTITNLEQEDIATYFCQQGSALPYTFGGGTKLEIK,DIQMTQTTSSLSASLGDRVTISCRASQDI------SKYLNWYQQQPDGTIKLLIYYT-------SRLHSGVP-SRFSGRG--SGTDYSLTITNLEQEDIATYFCQQGSA----LPYTFGGGTKLEIK,6_3_9,L
BAM17414.1,QVQLQQPGAELVKPGASVKLSCKASGYTFTSYWMHWVKQRPGRGLEWIGRIDPNSGGTKYNEKFKSKATLTVDKPSSTAYMQLSSLTSEDSAVYYCARYYGSAMDYWGQGTSV,QVQLQQPGA-ELVKPGASVKLSCKASGYTF----TSYWMHWVKQRPGRGLEWIGRIDPN--SGGTKYNEKFK-SKATLTVDKPSSTAYMQLSSLTSEDSAVYYCARYYG---SAMDYWGQGTSV,8_8_10,H
AVA89283.1,EVQLLESGGGLVQPGGSLRLSCAASGFTFTDYTMGWVRQAPGKGLEWVSSITSQGAFTYYADSVKGRFTISRDNSKNTLYLQMNSLRAEDTAVYYCAKATGTDSSFDYWGQGTLVTVSS,EVQLLESGG-GLVQPGGSLRLSCAASGFTF----TDYTMGWVRQAPGKGLEWVSSITSQ--GAFTYYADSVK-GRFTISRDNSKNTLYLQMNSLRAEDTAVYYCAKATGT-DSSFDYWGQGTLVTVSS,8_8_12,H
UOK98387.1,EIVLTQSPATLSLSPGERATLSCRASQSVSSYLAWYQQKPGQAPRLLIYDASNRATGIPARFSGSGSGTDFTLTISSLEPEDFAVYYCQQRSNWPTFGQGTKVEIK,EIVLTQSPATLSLSPGERATLSCRASQSV------SSYLAWYQQKPGQAPRLLIYDA-------SNRATGIP-ARFSGSG--SGTDFTLTISSLEPEDFAVYYCQQRS-----NWPTFGQGTKVEIK,6_3_8,L
QKY76197.1,DIVMTQSPDSLAVSLGERATINCKSSQSVLYSSNNENYLAWYQQKPGQPPKLLIYWASTRESGVPDRFSGSGSGTDFTLTISSLQAEDVAVYYCQQYYSSYTFGQGTKVEIK,DIVMTQSPDSLAVSLGERATINCKSSQSVLYSSNNENYLAWYQQKPGQPPKLLIYWA-------STRESGVP-DRFSGSG--SGTDFTLTISSLQAEDVAVYYCQQYY-----SSYTFGQGTKVEIK,12_3_8,L
BBI11455.1,MDFQAQILPILLLCATVSNGQIVLTQSPASLAASPGEKVTITCTASSSVSNNYLHWYQQKPGASPKLLIYRTSKLASGVPARFSGSGSGTSYSLTISSMEGEDVATYYCQQSSSYHTFGAG,QIVLTQSPASLAASPGEKVTITCTASSSVS-----NNYLHWYQQKPGASPKLLIYRT-------SKLASGVP-ARFSGSG--SGTSYSLTISSMEGEDVATYYCQQSS-----SYHTFGAG,7_3_8,L
UNP36835.1,EVQLQQSGPELVKPGDSVKISCKASGYSFTGYFMNWVMQSHGKSLEWIGRINPFNGDTFYNQKFKGKATLTVDKSSSTAHMELRSLTSEDSAVYYCAREGYFYFDYWGQGTTLTVSS,EVQLQQSGP-ELVKPGDSVKISCKASGYSF----TGYFMNWVMQSHGKSLEWIGRINPF--NGDTFYNQKFK-GKATLTVDKSSSTAHMELRSLTSEDSAVYYCAREGY---FYFDYWGQGTTLTVSS,8_8_10,H
QRN77559.1,DIQLTQSPSFLSASVGDRVTITCRASQGISSYLAWYQQKPGKAPKLLIYGASTLQSGVPSRFSGSGSGTEFTLTISSLQPEDFATYYCQQLNSYPLCSFGQGTKLEIK,DIQLTQSPSFLSASVGDRVTITCRASQGI------SSYLAWYQQKPGKAPKLLIYGA-------STLQSGVP-SRFSGSG--SGTEFTLTISSLQPEDFATYYCQQLNS---YPLCSFGQGTKLEIK,6_3_10,L
ACR16316.1,GTLSLSPGERATLSCRASQSVSSSYLAWYQQKPGQAPRLLIYGASSRATGIPDRFSGSGSGTDFTLTISRLAPEDFAVYYCQQYGSSLYTFGQ,---------TLSLSPGERATLSCRASQSVS-----SSYLAWYQQKPGQAPRLLIYGA-------SSRATGIP-DRFSGSG--SGTDFTLTISRLAPEDFAVYYCQQYGS----SLYTFGQ,7_3_9,L
QYQ10624.1,QVQLVQSGAEVKKPGASVKVSCKASGYTFTTYWMHWVRQAPGQGLEWMGEINPNKGGINYAQKFQGRVTLTVDKSISTAYMELSRLRSDDTAVYYCTIDYYDYGGYWGQGTLVTVSSASTKGPSVFPLAPSSKSTSGGTAALGCLVKDYFPEPVTVSWNSGALTSGVHTFPAVLQSSGLYSLSSVVTVPSSSLGTQTYICNVNHKPSNTKVDKKVEPKSCDKTHTCPPCPAPELLGGPSVFLFPPKPKDTLMISRTPEVTCVVVDVSHEDPEVKFNWYVDGVEVHNAKTKPREEQYNSTYRVVSVLTVLHQDWLNGKEYKCKVSNKALPAPIEKTISKAKGQPREPQVYTLPPSREEMTKNQVSLTCLVKGFYPSDIAVEWESNGQPENNYKTTPPVLDSDGSFFLYSKLTVDKSRWQQGNVFSCSVMHEALHNHYTQKSLSLSPGK,QVQLVQSGA-EVKKPGASVKVSCKASGYTF----TTYWMHWVRQAPGQGLEWMGEINPN--KGGINYAQKFQ-GRVTLTVDKSISTAYMELSRLRSDDTAVYYCTIDYY---DYGGYWGQGTLVTVSS,8_8_10,H
UOJ63074.1,EVQLLESGGGLVQPGGSLRLSCAASGFTFDTSSMLWVRQAPGKGLEWVSVIHQSGTPTYYADSVKGRFTISRDNSKNTLYLQMNSLRAEDTALYYCAKFPSSRMKFDYWGQGTLVKVSSA,EVQLLESGG-GLVQPGGSLRLSCAASGFTF----DTSSMLWVRQAPGKGLEWVSVIHQS--GTPTYYADSVK-GRFTISRDNSKNTLYLQMNSLRAEDTALYYCAKFPSS-RMKFDYWGQGTLVKVSS,8_8_12,H
AOG78798.1,MDSQAQVLILLLLWVSGTCGDIVMSQSPSSLAVSAGEKVTMSCKSSQSLLNSRTRKNYLAWYQQKPGQSPKLLIYWASTRESGVPDRFTGSGSGTDFTLTISSVQAEDLAVYYCKQSYNLYTFGGGTKLEIKRTVAAPSVFIFPPSDEQLKSGTASVVCLLNNFYPREAKVQWKVDNALQSGNSQESVTEQDSKDSTYSLSSTLTLSKADYEKHKVYACEVTHQGLSSPVTKSFNRGEC,DIVMSQSPSSLAVSAGEKVTMSCKSSQSLLNSRTRKNYLAWYQQKPGQSPKLLIYWA-------STRESGVP-DRFTGSG--SGTDFTLTISSVQAEDLAVYYCKQSY-----NLYTFGGGTKLEIK,12_3_8,L
AAA91991.1,ELQMTQSPAIMSASLGERVTMTCTASSSVSSSYLHWYQQKPGSSPKLWIYSTSNLASGVPARFSGSGSGTSYSLTISSMEAEDAATYSCHQYHRSPFTFGGGTKLEIKRADAAPTVSIFPPSSEQLTSGGASVVCFLNNFYPKDINVKWKIDGSERQ,ELQMTQSPAIMSASLGERVTMTCTASSSVS-----SSYLHWYQQKPGSSPKLWIYST-------SNLASGVP-ARFSGSG--SGTSYSLTISSMEAEDAATYSCHQYHR----SPFTFGGGTKLEIK,7_3_9,L
AHD65967.1,EIVLTQSPGTLSLSPGERATLSCRASQPISISVHWYQQKPGQAPRLLIYFASQSISGIPDRFSGSGSGTDFTLTISRLEPEDFAVYYCQQTFSLPYTFGQGTKVEIKR,EIVLTQSPGTLSLSPGERATLSCRASQPI------SISVHWYQQKPGQAPRLLIYFA-------SQSISGIP-DRFSGSG--SGTDFTLTISRLEPEDFAVYYCQQTFS----LPYTFGQGTKVEIK,6_3_9,L
ACP82299.1,QLVQSGAEVKKPGASVKVSCKASGYAFTSYNMYWVRQAPGQGLEWIGYIDPYNGDTFYNQKFKGKATLTVDKSTSTAYMELSSLRSEDTAVYYCARQNYGSFAYWGQGTL,--QLVQSGA-EVKKPGASVKVSCKASGYAF----TSYNMYWVRQAPGQGLEWIGYIDPY--NGDTFYNQKFK-GKATLTVDKSTSTAYMELSSLRSEDTAVYYCARQNY---GSFAYWGQGTL,8_8_10,H
QGZ12757.1,MTFITIFIWILALCFQESRGQITVTQTPAVKAVLPGQSVSLNCKTSSNVNGNNRLAWYQQKAGGAPKLLIYYATTLQSGTPSRFSGSGSGSDFTLTISGVQAEDAGDYYCKSFHNLNSVWVWTFGSGTRLDVGSNSAPT,QITVTQTPAVKAVLPGQSVSLNCKTSSNVN----GNNRLAWYQQKAGGAPKLLIYYA-------TTLQSGTP-SRFSGSG--SGSDFTLTISGVQAEDAGDYYCKSFHNLNSVWVWTFGSGTRLDVG,8_3_13,L
BBI04439.1,MEFTVSWVFFLAVLKGVQAEEQLVESGGGLVQPGGSLRLSCVASGFTFSNYWMNWIRQAPEKGLEWISEINGDSSTINYIDSVKGRFTISRDNSKNTLYLQMSSLRSEDTAVYYCANIGVAGDYALDIWGPGTLVTVSSAKQSGQLSF,EEQLVESGG-GLVQPGGSLRLSCVASGFTF----SNYWMNWIRQAPEKGLEWISEINGD--SSTINYIDSVK-GRFTISRDNSKNTLYLQMSSLRSEDTAVYYCANIGVAGDYALDIWGPGTLVTVSS,8_8_13,H
QEP23692.1,AIQMTQSPSSLSASVGDRVTITCRASQDIRNDLGWYQQKPGKAPKLLIYAASAHSGVPARFTGSGSGTDFTLTINSLQPEDFATYYCLQDYIYPRAFGQGTKVEVK,AIQMTQSPSSLSASVGDRVTITCRASQDI------RNDLGWYQQKPGKAPKLLIYA--------ASAHSGVP-ARFTGSG--SGTDFTLTINSLQPEDFATYYCLQDYI----YPRAFGQGTKVEVK,6_2_9,L
BBI12215.1,MDMWVPAQLLGLLLLWLPGGKCDIQLTQSPSVSASLGERVTITCQASQDISTILHWYQQKHGKTPKLLIYGASNLQSGVPSRFSGSGSGTDFTLTISSVEPEDVATYYCQHNYGIPYTFGAG,DIQLTQSPS-VSASLGERVTITCQASQDI------STILHWYQQKHGKTPKLLIYGA-------SNLQSGVP-SRFSGSG--SGTDFTLTISSVEPEDVATYYCQHNYG----IPYTFGAG,6_3_9,L
QXE98162.1,DIQMTQSPLSLPVTLGQPASISCRASQTVVHTNGNTYLNWFHQRPGQSPRRLIYEVSNRDSGVPDRFSGSGSGTDFTLSISRVEAEDIGVYYCMQGTDWPRTFGPGTKVEIK,DIQMTQSPLSLPVTLGQPASISCRASQTVVHT-NGNTYLNWFHQRPGQSPRRLIYEV-------SNRDSGVP-DRFSGSG--SGTDFTLSISRVEAEDIGVYYCMQGTD----WPRTFGPGTKVEIK,11_3_9,L
ADS57516.1,EVQLVESGGGVVQPGGSLRLSCAASGFTFSSYGIHWVRQAPGKGLEWVALISYDGSKKYYADSVKGRFTISRDNSKNTLYLQMNSLRTEDTAVYYCARNYYGSTYDYWGQGTLVTVSS,EVQLVESGG-GVVQPGGSLRLSCAASGFTF----SSYGIHWVRQAPGKGLEWVALISYD--GSKKYYADSVK-GRFTISRDNSKNTLYLQMNSLRTEDTAVYYCARNYYG--STYDYWGQGTLVTVSS,8_8_11,H
BBI15513.1,MAQTPLFFLIFLLYCTGSFCQPVLKQSPSASASPGGSIKLTCTLSSEHSSYYIEWYQQHPGKSPGYVMQLKSDGSHSKGDGIPDRFTGSSSGADRYLTISNIQPEDEADYICGVSYSGGYVFGGGTKLTVLGQPSLLPQSAC,QPVLKQSPS-ASASPGGSIKLTCTLSSEHS-----SYYIEWYQQHPGKSPGYVMQLKSD---GSHSKGDGIP-DRFTGSS--SGADRYLTISNIQPEDEADYICGVSYS----GGYVFGGGTKLTVL,7_7_9,L
AJL00045.1,DIQMTQSPSSLSASVGDRVTITCRASQDISKYLNWYQQKPGKAIKLLIYHTSRLHSGVPSRFSGSGSGTDFTLTISSLQPEDFATYYCQQGATLPYTFGPGTKVDIKRTVAAPSVFIFPPSDEQLKSGTASVVCLLNNFYPREAKVQWKVDNALQSGNSQESVTEQDSKDSTYSLSSTLTLSKADYEKHKVYACEVTHQGLSSPVTKSFNRGEC,DIQMTQSPSSLSASVGDRVTITCRASQDI------SKYLNWYQQKPGKAIKLLIYHT-------SRLHSGVP-SRFSGSG--SGTDFTLTISSLQPEDFATYYCQQGAT----LPYTFGPGTKVDIK,6_3_9,L
BCB23879.1,QVQLQQPGAELVQPGASVRLSCKASGYTFTRYLMHWVKQRPGRGLEWIGRIDPNSGGTKYNEKLKSKATLTVDKSSSTVYMQLSSLTSEDSAVYYCARYEYGYVMDYWGQGTSV,QVQLQQPGA-ELVQPGASVRLSCKASGYTF----TRYLMHWVKQRPGRGLEWIGRIDPN--SGGTKYNEKLK-SKATLTVDKSSSTVYMQLSSLTSEDSAVYYCARYEYG--YVMDYWGQGTSV,8_8_11,H
ARI29437.1,DVVMTQTPLTLSVTIGQPASISCKSSQSLLDSDGTTYLNWLLQRPGQSPKRLIYLVSKLDSGVPDRFTGSGSGTDFTLKISRVEAEDLGVYYCWQGTHFPLTFGAGTKLELK,DVVMTQTPLTLSVTIGQPASISCKSSQSLLDS-DGTTYLNWLLQRPGQSPKRLIYLV-------SKLDSGVP-DRFTGSG--SGTDFTLKISRVEAEDLGVYYCWQGTH----FPLTFGAGTKLELK,11_3_9,L
BBI01653.1,MEFLALLLCLVAAPYCVLSQGQLQESGPGLVKPSETLSLTCTVSGFSLTSYGVHWVRQAPGKGLEWIGVIWGGGSTDYNSAFKSRVGISRDTSKSQASLTLSSLSPEDTAVYYCARIGGYYGDVWGAGTLVTVSSAKQSGPTLFP,QGQLQESGP-GLVKPSETLSLTCTVSGFSL----TSYGVHWVRQAPGKGLEWIGVIWGG---GSTDYNSAFK-SRVGISRDTSKSQASLTLSSLSPEDTAVYYCARIGG---YYGDVWGAGTLVTVSS,8_7_10,H
AUE83079.1,DIVLTQSPLSLAVSLGQPAIISCKASQSVSFAGTSLMHWYHQKPGQQPRLLIYRASNLEAGVPDRFSGSGSKTDFTLTISPVEAEDAATYYCQQSREYPYTFGGGTKLEIKRTVAAPSVFIFPPSDEQLKSGTASVVCLLNNFYPREAKVQWKVDNALQSGNSQESVTEQDSKDSTYSLSSTLTLSKADYEKHKVYACEVTHQGLSSPVTKSFNRGEC,DIVLTQSPLSLAVSLGQPAIISCKASQSVSF--AGTSLMHWYHQKPGQQPRLLIYRA-------SNLEAGVP-DRFSGSG--SKTDFTLTISPVEAEDAATYYCQQSRE----YPYTFGGGTKLEIK,10_3_9,L
BBI01757.1,MEFGLSWVFLFALLKGVQSEEQLVESGGGLVQPGGSLKLSCVASGFTFSNYWMSWIRQAPGKGLEWVAWIRNDGGSTNYADSVKGRFTISRDNGKNTLFLQMNSLRAEDTAVYYCARDGNDYMFDLWGAGTLVTVSSAKQSGPTLFP,EEQLVESGG-GLVQPGGSLKLSCVASGFTF----SNYWMSWIRQAPGKGLEWVAWIRND--GGSTNYADSVK-GRFTISRDNGKNTLFLQMNSLRAEDTAVYYCARDGND--YMFDLWGAGTLVTVSS,8_8_11,H
QRM03167.1,QVQLVQSGAEVKKPGASVKVSCKASGYTFTDYEVHWVRQAPGQGLEWMGAIHPGSGGAAYVQKFQGRVTMTRDTSISTAYMELSRLRSDDTAVYYCARWLPMDYWGQGTLVTVSS,QVQLVQSGA-EVKKPGASVKVSCKASGYTF----TDYEVHWVRQAPGQGLEWMGAIHPG--SGGAAYVQKFQ-GRVTMTRDTSISTAYMELSRLRSDDTAVYYCARWL-----PMDYWGQGTLVTVSS,8_8_8,H
UCY66250.1,EVQLVEIGGGEIQPGGSLRLSCAASGFNVSKNYMSWVRQAPGKGLEWVSVIYSGGGTEYAASVKGRFNISRDSSKNMLYLQMNNLRAEDTAVYYCARAVPRPHGTDIWGQGTMVTVSS,EVQLVEIGG-GEIQPGGSLRLSCAASGFNV----SKNYMSWVRQAPGKGLEWVSVIYSG---GGTEYAASVK-GRFNISRDSSKNMLYLQMNNLRAEDTAVYYCARAVPR-PHGTDIWGQGTMVTVSS,8_7_12,H
CCQ13111.1,PSLVKPSQTLSLTCSVSGDSITSGYWNWIRQFPGNKLEWMGYINYSGSTSYNPSLKSRIPITRDTSKNQFFLQLNSVTPEDTGTYYCARDYYGSSYFDYWGQGTTLTVSS,----------SLVKPSQTLSLTCSVSGDSI----TSGYWNWIRQFPGNKLEWMGYINYS---GSTSYNPSLK-SRIPITRDTSKNQFFLQLNSVTPEDTGTYYCARDYYG-SSYFDYWGQGTTLTVSS,8_7_12,H
UCY74601.1,DIVMTQSPAIMSASPGEKVTIPCSASSSVSYMHWFQQKPGTSPKLWIYSTSNLASGVPGRFSGSGSGTSYSLTISRMEAEDAATYYCQQRSNYPLTFGAGTKLELK,DIVMTQSPAIMSASPGEKVTIPCSASSSV-------SYMHWFQQKPGTSPKLWIYST-------SNLASGVP-GRFSGSG--SGTSYSLTISRMEAEDAATYYCQQRSN----YPLTFGAGTKLELK,5_3_9,L
APN29583.1,EVQLVESGGGLVKPGGSLRLSCAASGFTFSDYGIHWVRQAPGKGLEWVGRIKSKTDGGITEYAAPVKGRFTISRDDSKNTLYLQMNSLKTEDTAVYYCARAIYYLEAFDVWGQGTLVTVSSASTKGPSVFPLAPSSKSTSGGTAALGCLVKDYFPEPVTVSWNSGALTSGVHTFPAVLQSSGLYSLSSVVTVPSSSLGTQTYICNVNHKPSNTKVDKKVEPKSEFPKPSTPPGSSGELEELLKHLKELLKGPRKGELEELLKHLKELLKGGSGGAPEQKLISEEDLNDAPHHHHHH,EVQLVESGG-GLVKPGGSLRLSCAASGFTF----SDYGIHWVRQAPGKGLEWVGRIKSKTDGGITEYAAPVK-GRFTISRDDSKNTLYLQMNSLKTEDTAVYYCARAIYY-LEAFDVWGQGTLVTVSS,8_10_12,H
ATI97800.1,HSQVQESGAELAKPGASVKLSCKASGYTFTSYWMHWVKQRPGQGLEWIGYINPSSGYTKYNQKFKDKATLTADKSSSTAYMQLSSLTYEDSAVYYCARSTTVVDFDYWGQGTTLTVSS,HSQVQESGA-ELAKPGASVKLSCKASGYTF----TSYWMHWVKQRPGQGLEWIGYINPS--SGYTKYNQKFK-DKATLTADKSSSTAYMQLSSLTYEDSAVYYCARSTTV--VDFDYWGQGTTLTVSS,8_8_11,H
QPY42638.1,EVQLVESGGGLVKPGGSLRLSCAASGFTFSNYWMNWVRQAPGKGLEWVGEIWLKSNNYATHYAEPVKGRFTISRDDSKSTVYLQMNSLKTEDTAVYYCTRYYGNYGGYFDVWGAGTLVTVSSGKPGSGKPGSGKPGSGKPGSSIVMTQSPATLSVSPGERATLSCRASQSVSNDVAWYQQKPGQSPRLLINYASHRYTGVPDRFTGSGYGTEFTLTISSLQSEDFAVYFCQQDYSSPRTFGGGTKVEIK,EVQLVESGG-GLVKPGGSLRLSCAASGFTF----SNYWMNWVRQAPGKGLEWVGEIWLKSNNYATHYAEPVK-GRFTISRDDSKSTVYLQMNSLKTEDTAVYYCTRYYGNYGGYFDVWGAGTLVTVSS,8_10_13,H
BAN13992.1,QLQESGPGLVAPSQSLSITCTVSGFSLTYSGVTWVRHPPGKGLEWLGIMWSDGTTNYHSALISRLNISKDNSKSQVFLKLSSLQTDDTATYFCAKVTTGRMDYWGQGASVTVSS,--QLQESGP-GLVAPSQSLSITCTVSGFSL----TYSGVTWVRHPPGKGLEWLGIMWSD---GTTNYHSALI-SRLNISKDNSKSQVFLKLSSLQTDDTATYFCAKVTT---GRMDYWGQGASVTVSS,8_7_10,H
QPY83086.1,EIQLLESGGGLVQPGGSLRLSCAASGYTFTHYGMNWVRQAPGKGLEWVSWINTYTGEPTYADSVKGRFTISLDTSKSTAYLQMNSLRAEDTAVYFCARDYYGSSPYWGQGTLVTVSSASTKGPSVFPLAPSSKSTSGGTAALGCLVKDYFPEPVTVSWNSGALTSGVHTFPAVLQSSGLYSLSSVVTVPSSSLGTQTYICNVNHKPSNTKVDKKVEPKSCGS,EIQLLESGG-GLVQPGGSLRLSCAASGYTF----THYGMNWVRQAPGKGLEWVSWINTY--TGEPTYADSVK-GRFTISLDTSKSTAYLQMNSLRAEDTAVYFCARDYY---GSSPYWGQGTLVTVSS,8_8_10,H
ACW20479.1,EVQLTESGGGLVQPGGSLRLSCRASQSTFSNHYMNWVRQAPGKGLEWIGEIRSKSSNGATSYAESVKGRFIISRDDNGTDLTLEMNSLKTEDTAEYYCARNYYGSTPDYWGQGTLVTVS,EVQLTESGG-GLVQPGGSLRLSCRASQSTF----SNHYMNWVRQAPGKGLEWIGEIRSKSSNGATSYAESVK-GRFIISRDDNGTDLTLEMNSLKTEDTAEYYCARNYYG--STPDYWGQGTLVTVS,8_10_11,H
AOL90245.1,DIVMTQSPSTLSASVGDRVTITCRASQSIGNWLAWYQQKPGKAPKLLIYKVSTLESGVPSRFSGSGSGTEFTLTINSLQPDDFATYYCQRYTSNSQGFTFGQGTKLEIK,DIVMTQSPSTLSASVGDRVTITCRASQSI------GNWLAWYQQKPGKAPKLLIYKV-------STLESGVP-SRFSGSG--SGTEFTLTINSLQPDDFATYYCQRYTSN--SQGFTFGQGTKLEIK,6_3_11,L
AEZ51989.1,GDSVSSNSAAWNWIRQSPSRGLEWLGRTYYRSKWYNDYAISVKSRITINPDTSKNQFSLQLNSVTPEDTAVYYCARGRPGSFDYWGQGTLVTVSSA,--------------------------DSVSS---NSAAWNWIRQSPSRGLEWLGRTYYRS-KWYNDYAISVK-SRITINPDTSKNQFSLQLNSVTPEDTAVYYCARGRP---GSFDYWGQGTLVTVSS,9_9_10,H
QTV45803.1,QIVLTQSPSSLSASVGDRVTITCRASWSVSYIHWFQQKPGKSPKPLIYATSNLASGVPVRFSGSGSGTDYTLTISSLQPEDFATYYCQQWTHNPPTFGGGTKVEIKRTVAAPSVFIFPPSDEQLKSGTASVVCLLNNFYPREAKVQWKVDNALQSGNSQESVTEQDSKDSTYSLSSTLTLSKADYEKHKVYACEVTHQGLSSPVTKSFNRGEC,QIVLTQSPSSLSASVGDRVTITCRASWSV-------SYIHWFQQKPGKSPKPLIYAT-------SNLASGVP-VRFSGSG--SGTDYTLTISSLQPEDFATYYCQQWTH----NPPTFGGGTKVEIK,5_3_9,L
QHX27246.1,QVQLKESGPALVKPTQTLTLTCTFSGFSLSTSGMSVGWIRQPPGKALEWLALIDWDEDKSYSTSLKTRLTISKDTSKNQVVLTMTNMDPVDTATYYCARYNWYNPPGFDNWGQGTLVTVSSASTKGPSVFPLAPSSKSTSGGTAALGCLVKDYFPEPVTVSWNSGALTSGVHTFPAVLQSSGLYSLSSVVTVPSSSLGTQTYICNVNHKPSNTKVDKKVEPKSX,QVQLKESGP-ALVKPTQTLTLTCTFSGFSLS--TSGMSVGWIRQPPGKALEWLALIDWD---EDKSYSTSLK-TRLTISKDTSKNQVVLTMTNMDPVDTATYYCARYNWYNPPGFDNWGQGTLVTVSS,10_7_13,H
QPY70898.1,QIQLVQSGSELKKPGASVKVSCKASGYTFTHYGINWVRQAPGQGLEWMGWINTYTGEPTYADGFTGRFVFSIDTSVSTAYLQISSLKAEDTAVYFCARDYYGSSPYWGQGTLVTVSSGKPGSGKPGSGKPGSGKPGSDVLMTQSPDSLAVSLGERATINCKSSQSIVHSNGNTYLEWYQQKPGQSPKLLIYKVSNRFSGVPDRFSGSGSGTDFTLTISSLQAEDVAVYYCFQGSHVPNTFGGGTKVEIKGS,QIQLVQSGS-ELKKPGASVKVSCKASGYTF----THYGINWVRQAPGQGLEWMGWINTY--TGEPTYADGFT-GRFVFSIDTSVSTAYLQISSLKAEDTAVYFCARDYY---GSSPYWGQGTLVTVSS,8_8_10,H
AEH96946.1,SYVLTQPPSVSVAPGKTARITCGGNIIGSKLVHWYQQKPGQAPVLVIYDDGDRPSGIPERFSGSNSGNTATLTISRVEAGDEADYYCQVWDTGSDPVVFGGGTKLTVL,SYVLTQPPS-VSVAPGKTARITCGGNIIG------SKLVHWYQQKPGQAPVLVIYDD-------GDRPSGIP-ERFSGSN--SGNTATLTISRVEAGDEADYYCQVWDTG--SDPVVFGGGTKLTVL,6_3_11,L
QTV64524.1,DIVMTQSPDSLAVSLGERATINCKASQSLDYEGDSDMNWYQQKPGQPPKLLIYGASNLESGVPDRFSGSGSGTDFTLTISSLQAEDVAVYYCQQSTEDPRTFGGGTKVEIK,DIVMTQSPDSLAVSLGERATINCKASQSLDY--EGDSDMNWYQQKPGQPPKLLIYGA-------SNLESGVP-DRFSGSG--SGTDFTLTISSLQAEDVAVYYCQQSTE----DPRTFGGGTKVEIK,10_3_9,L
APN28614.1,MMSSAQFLGLLLLCFQGTRCDIQMTQTTSSLSASLGDRVSISCRASQDISNYLNWYQQKPDGTFKLLIFYTSRLLSGVPSRFSGSGSGTDYSLTIYNLEQEDFATYFCQQGDTLPYTFGGGTKLEIKRADAAPTVSIFPPSSEQLTSGGASVVCFLNNFYPKDINVKWKIDGSERQNGVLNSWTDQDSKDSTYSMSSTLTLTKDEYERHNSYTCEATHKTSTSPIVKSFNRNEC,DIQMTQTTSSLSASLGDRVSISCRASQDI------SNYLNWYQQKPDGTFKLLIFYT-------SRLLSGVP-SRFSGSG--SGTDYSLTIYNLEQEDFATYFCQQGDT----LPYTFGGGTKLEIK,6_3_9,L
QPY49733.1,EVQLVESGGGLVKPGGSLRLSCAASGFTFSNYWMNWVRQAPGKGLEWVGEIRLKSNNYATHYAEPVKGRFTISRDDSKSTVYLQMNSLKTEDTAVYYCTRYYGNYGGYFDVWGAGTLVTVSSASTKGPSVFPLAPSSKSTSGGTAALGCLVKDYFPEPVTVSWNSGALTSGVHTFPAVLQSSGLYSLSSVVTVPSSSLGTQTYICNVNHKPSNTKVDKKVEPKSCDKTHTCPPCPAPPVAGPSVFLFPPKPKDTLMISRTPEVTCVVVDVKHEDPEVKFNWYVDGVEVHNAKTKPREEQYNSTYRVVSVLTVLHQDWLNGKEYKCKVSNKALPAPIEKTISKAKGQPREPQVYTLPPSREEMTKNQVSLTCLVKGFYPSDIAVEWESNGQPENNYKTTPPVLDSDGSFFLYSKLTVDKSRWQQGNVFSCSVMHEALHNHYTQKSLSLSPGK,EVQLVESGG-GLVKPGGSLRLSCAASGFTF----SNYWMNWVRQAPGKGLEWVGEIRLKSNNYATHYAEPVK-GRFTISRDDSKSTVYLQMNSLKTEDTAVYYCTRYYGNYGGYFDVWGAGTLVTVSS,8_10_13,H
UZD10668.1,EIGLTQSPGTQSLSPGERATLSCRASQSVSSSYLAWYQQKPGQAPRLLIYGASSRATGIPDRFSGSGSGTDFTLTISRLEPEDFAVYYCQQYGSSFTFGPGTKVDIK,EIGLTQSPGTQSLSPGERATLSCRASQSVS-----SSYLAWYQQKPGQAPRLLIYGA-------SSRATGIP-DRFSGSG--SGTDFTLTISRLEPEDFAVYYCQQYG-----SSFTFGPGTKVDIK,7_3_8,L
UOL58457.1,DIQMTQSPSSLSASVGDRVTITCRASQWIGGALAWYQQKPGKAPRLLIYQISVLQSGIPSRFSGSGSGTDFTLTISSLQPEDFATYYCQQYIRSPFTFGQGTKVEIKR,DIQMTQSPSSLSASVGDRVTITCRASQWI------GGALAWYQQKPGKAPRLLIYQI-------SVLQSGIP-SRFSGSG--SGTDFTLTISSLQPEDFATYYCQQYIR----SPFTFGQGTKVEIK,6_3_9,L
QNC41763.1,DIQMTQSPSSVSASVGDRVTITCRASQGIDSWLAWYQQKPGKAPKLLIYAASSLQSGVPSRFSGSGSGTDFTLTISSLQPEDFATYYCQQASDVPWTFGGGTKVEIK,DIQMTQSPSSVSASVGDRVTITCRASQGI------DSWLAWYQQKPGKAPKLLIYAA-------SSLQSGVP-SRFSGSG--SGTDFTLTISSLQPEDFATYYCQQASD----VPWTFGGGTKVEIK,6_3_9,L
UOS91602.1,MDWTWILFLVAAATRVHSEVQLVESGGGLVQPGGSLRLSCAASGFTFTDYTMDWVRQAPGKGLEWVADVNPNSGGSIYNQRFKGRFTLSVDRSKNTLYLQMNSLRAEDTAVYYCARNLGPSFYFDYWGQGTLVTVSSASTKGPSVFPLAPSSKSTSGGTAALGCLVKDYFPEPVTVSWNSGALTSGVHTFPAVLQSSGLYSLSSVVTVPSSSLGTQTYICNVNHKPSNTKVDKKVEPKSC,EVQLVESGG-GLVQPGGSLRLSCAASGFTF----TDYTMDWVRQAPGKGLEWVADVNPN--SGGSIYNQRFK-GRFTLSVDRSKNTLYLQMNSLRAEDTAVYYCARNLGP-SFYFDYWGQGTLVTVSS,8_8_12,H
QTV43461.1,DIQMTQSPSSLSASVGDRVTITCQASQGIGSSLQWYQQKPGRAPKLLVHGASNLHRGVPSRFSGSGFHTSFTLTISSLQPDDVATYFCAVLEFFGPGTKVEIKRTVAAPSVFIFPPSDEQ,DIQMTQSPSSLSASVGDRVTITCQASQGI------GSSLQWYQQKPGRAPKLLVHGA-------SNLHRGVP-SRFSGSG--FHTSFTLTISSLQPDDVATYFCAVL--------EFFGPGTKVEIK,6_3_5,L
QHX73211.1,QVQLQQSGAELMKPGASVKISCKATGYTFSNYRIEWMKQRPGHGLEWIGEILPRTGNTNYNENFKGKATFTADTSSNTAYIQLSSLTSEDSAVYYCARDDGYYGRFAYWGQGTLVTVSA,QVQLQQSGA-ELMKPGASVKISCKATGYTF----SNYRIEWMKQRPGHGLEWIGEILPR--TGNTNYNENFK-GKATFTADTSSNTAYIQLSSLTSEDSAVYYCARDDGY-YGRFAYWGQGTLVTVSA,8_8_12,H
BCB23492.1,QVQLQQPGAEFVKPGASVRLSCKASGFTFTGYLIHWVKQRPGRGLEWIGRIDPYSGNTKYNEKFKNKATLTVDKPSSTANMQLSSLTSEDSAVYYCARYELAWYFDVWGTGTTV,QVQLQQPGA-EFVKPGASVRLSCKASGFTF----TGYLIHWVKQRPGRGLEWIGRIDPY--SGNTKYNEKFK-NKATLTVDKPSSTANMQLSSLTSEDSAVYYCARYELA--WYFDVWGTGTTV,8_8_11,H
QKQ15296.1,DIQLTQSPSSLSASVGDRVTITCRASQGIRNDLGWYQQKPGKAPKRLIYAASSLQSGVPSRFSGSGSGTEFTLTISSLQPEDFATYYCLQHNSYPLTFGGGTKVDIK,DIQLTQSPSSLSASVGDRVTITCRASQGI------RNDLGWYQQKPGKAPKRLIYAA-------SSLQSGVP-SRFSGSG--SGTEFTLTISSLQPEDFATYYCLQHNS----YPLTFGGGTKVDIK,6_3_9,L
QHY89685.1,QVQLVQSGAEVKKPGASVKVSCKASGYTFTGYNMNWVRQAPGQGLEWMGNIDPYYGNTNYNQKFKGRVTMTTDTSTSTAYMELRSLRSDDTAVYYCARLGLQLYALDYWGQGTTVTVSSASTKGPSVFPLAPSSKSTSGGTAALGCLVKDYFPEPVTVSWNSGALTSGVHTFPAVLQSSGLYSLSSVVTVPSSSLGTQTYICNVNHKPSNTKVDKRVEPKSCDKTHTCPPCPAPELLGGPSVFLFPPKPKDTLMISRTPEVTCVVVDVSHEDPEVKFNWYVDGVEVHNAKTKPREEQYNSTYRVVSVLTVLHQDWLNGKEYKCKVSNKALPAPIEKTISKAKGQPREPQVYTLPPSREEMTKNQVSLTCLVKGFYPSDIAVEWESNGQPENNYKTTPPVLDSDGSFFLYSKLTVDKSRWQQGNVFSCSVMHEALHNHYTQKSLSLSPG,QVQLVQSGA-EVKKPGASVKVSCKASGYTF----TGYNMNWVRQAPGQGLEWMGNIDPY--YGNTNYNQKFK-GRVTMTTDTSTSTAYMELRSLRSDDTAVYYCARLGLQ-LYALDYWGQGTTVTVSS,8_8_12,H
QWX35237.1,EIVMTQSPATLSVSPGERATLSCRASQSISRNLAWYQXKPGQAPRLLIYGASTRATGIPARFSGSGSGTEFTLTISSLQSEDFAVYYCQQYNNRPLTFGGGTEVEIK,EIVMTQSPATLSVSPGERATLSCRASQSI------SRNLAWYQXKPGQAPRLLIYGA-------STRATGIP-ARFSGSG--SGTEFTLTISSLQSEDFAVYYCQQYNN----RPLTFGGGTEVEIK,6_3_9,L
AYI40501.1,EVQLVESGGGLVQPGGSLRLSCAASGFTVSNYDMIWVRQAPGKGLESIGMIYDDGDTYYASSAKGRFTISRDNSKNTLYLQMNSLRAEDTAVYYCVKGVSNHWGQGTLVTVSS,EVQLVESGG-GLVQPGGSLRLSCAASGFTV----SNYDMIWVRQAPGKGLESIGMIYDD---GDTYYASSAK-GRFTISRDNSKNTLYLQMNSLRAEDTAVYYCVKGV------SNHWGQGTLVTVSS,8_7_7,H
BBI07439.1,MVCQTPMLLTVLLWVSGVCSDIVMTQSPASLSVTPGESTTIRCKSSQSLLYSGNSKNNLAWYQQKPGQSPKLLIYWASTRDTGVPDRFSGSGSGTDFTLTISSVQAEDVADYYCMQYYDLYTFGAG,DIVMTQSPASLSVTPGESTTIRCKSSQSLLYSGNSKNNLAWYQQKPGQSPKLLIYWA-------STRDTGVP-DRFSGSG--SGTDFTLTISSVQAEDVADYYCMQYY-----DLYTFGAG,12_3_8,L
AAZ09187.1,DIVMTQSPDSLAVSLGERATINCKSSQSILYSPNNRDYLAWFQQKPGQPPKLLIYWASIRESGVPDRFSASGSGTDFTLTISSVQAEDVAVYYCQPLLYYPYTFGQGTKVEIK,DIVMTQSPDSLAVSLGERATINCKSSQSILYSPNNRDYLAWFQQKPGQPPKLLIYWA-------SIRESGVP-DRFSASG--SGTDFTLTISSVQAEDVAVYYCQPLLY----YPYTFGQGTKVEIK,12_3_9,L
QPY51688.1,SIVMTQSPATLSASPGERATLSCRASQSVSNDVAWYQQKPGQSPRLLINYASHRYTGVPDRFTGSGYGTEFTLTISSLQSEDFAVYFCQQDYSSPRTFGGGTKVEIKRTVAAPSVFIFPPSDEQLKSGTASVVCLLNNFYPREAKVQWKVDNALQSGNSQESVTEQDSKDSTYSLSSTLTLSKADYEKHKVYACEVTHQGLSSPVTKSFNRGEC,SIVMTQSPATLSASPGERATLSCRASQSV------SNDVAWYQQKPGQSPRLLINYA-------SHRYTGVP-DRFTGSG--YGTEFTLTISSLQSEDFAVYFCQQDYS----SPRTFGGGTKVEIK,6_3_9,L
AAR99976.1,MRFPAQLLGLLLLWVPGSNGAIVLTQTPLSLSVSPGEPASISCRSSQSLLHTDGKNYLNWYLQKPGQSPQLLIYYATNRNTGVPDRFTGSGSGTDFTLRISRVEAEDVGVYYCFRALQSLIGFGAGTKLELK,AIVLTQTPLSLSVSPGEPASISCRSSQSLLHT-DGKNYLNWYLQKPGQSPQLLIYYA-------TNRNTGVP-DRFTGSG--SGTDFTLRISRVEAEDVGVYYCFRALQ----SLIGFGAGTKLELK,11_3_9,L
AAY69938.1,DIQLTQSPSSLSASVGDRVTITCSASQDISNYLNWYQQKPGKAPKVLIYFTSSLHSGVPSRFSGSGSGTDFTLTISSLQPEDFATYYCQQYSTVPWTFGQGTKVEIKRTV,DIQLTQSPSSLSASVGDRVTITCSASQDI------SNYLNWYQQKPGKAPKVLIYFT-------SSLHSGVP-SRFSGSG--SGTDFTLTISSLQPEDFATYYCQQYST----VPWTFGQGTKVEIK,6_3_9,L
AEN14408.1,TFVSVAPGQTARITCGEESLGSRSVIWYQQRPGQAPSLIIYNNNDRPSGIPDRFSGSPGSTFGTTATLTITSVEAGDEADYYCHIWDSRRPTNWVFGEGTTLIVL,----------VSVAPGQTARITCGEESLG------SRSVIWYQQRPGQAPSLIIYNN-------NDRPSGIP-DRFSGSPGSTFGTTATLTITSVEAGDEADYYCHIWDSR-RPTNWVFGEGTTLIVL,6_3_12,L
AYH91040.1,DIQMTQSPSSLSASVGDRVTITCRASQDVSTAVAWYQQKPGKAPKLLIYSASFLYSGVPSRFSGSGSGTDFTLTISSLQPEDFATYYCQQSYTTPPTFGQGTKVEIK,DIQMTQSPSSLSASVGDRVTITCRASQDV------STAVAWYQQKPGKAPKLLIYSA-------SFLYSGVP-SRFSGSG--SGTDFTLTISSLQPEDFATYYCQQSYT----TPPTFGQGTKVEIK,6_3_9,L
XP_045224441.1,MDMRVPAQFLGLLLLWLPGARCDIQMTQSPSSLSASVGDTVTITCHASQGISSWLAWYQQKPGKAPKLLIYKASSLQSGVPSRFSGSGSGTDFTLTISSLQPEDFATYYCQQYSSSPLTFGGGTKVEIKRAVAAPSVFIFPPSEDQVKSGTVSVVCLLNNFYPREASVKWKVDGALKTGNSQESVTEQDSKDNTYSLSSTLTLSSTDYQSHNVYACEVTHQGLSSPVTKSFNRGEC,DIQMTQSPSSLSASVGDTVTITCHASQGI------SSWLAWYQQKPGKAPKLLIYKA-------SSLQSGVP-SRFSGSG--SGTDFTLTISSLQPEDFATYYCQQYSS----SPLTFGGGTKVEIK,6_3_9,L
AGP15725.1,QVQLQESGPGLVKPSGTLSLTCAVSGGSISSSNWWSWVRQPPGKGLEWIGEIYHSGSTNYNPSLKSRVTISVDKSKNQFSLKLSSVTAADTAVYYCARASVDAFDIWGQGTMVTVSS,QVQLQESGP-GLVKPSGTLSLTCAVSGGSIS---SSNWWSWVRQPPGKGLEWIGEIYHS---GSTNYNPSLK-SRVTISVDKSKNQFSLKLSSVTAADTAVYYCARASV---DAFDIWGQGTMVTVSS,9_7_10,H
AYI03617.1,DIVLTQSPASLAVSLGQRATISCRANKSVSTSSYSYMHWYQQKPGQPPKLLIKYASNLESGVPARFSGSGSGTDFILNIHPVEEEDAATYYCQHSRELPFTFGSGTKLEIKRADAAPTVSIFPPSSEQLTSGGASVVCFLNNFYPKDINVKWKIDGSERQNGVLNSWTDQDSKDSTYSMSSTLTLTKDEYERHNSYTCEATHKTSTSPIVKSFNRNEC,DIVLTQSPASLAVSLGQRATISCRANKSVST--SSYSYMHWYQQKPGQPPKLLIKYA-------SNLESGVP-ARFSGSG--SGTDFILNIHPVEEEDAATYYCQHSRE----LPFTFGSGTKLEIK,10_3_9,L
AEK15146.1,DIQMTQSPSSLSASVGDRVTITCQASQDIRNYLNWYQQKPGKAPKLLIYDASNLETGVPSRFSGSGSGTDFTFTISSLQPEDIATYYCQQYDNLPITFGQGTRLEIKR,DIQMTQSPSSLSASVGDRVTITCQASQDI------RNYLNWYQQKPGKAPKLLIYDA-------SNLETGVP-SRFSGSG--SGTDFTFTISSLQPEDIATYYCQQYDN----LPITFGQGTRLEIK,6_3_9,L
QHZ37976.1,EVQMLESGGGLVQPGGSLRLSCAASGFTFSGSYAMSWVRQAPGKGLEWVSGISGSGGSTYYADSVKGRFTISRDNSKNTLYLQMNSLRAEDTAVYYCAKKYYDGPADYWGQGTLVTVSSG,EVQMLESGG-GLVQPGGSLRLSCAASGFTFS---GSYAMSWVRQAPGKGLEWVSGISGS--GGSTYYADSVK-GRFTISRDNSKNTLYLQMNSLRAEDTAVYYCAKKYYD--GPADYWGQGTLVTVSS,9_8_11,H
AOD90582.1,DIQMTQSPSSVSASVGDRVTITCQASQNIYSNLAWYQQKPGKAPKLLIYTASYLASGVPSRFKGSGSRTDYTLTISSLQPEDFATYYCQTAYYNSRPDTVAFGGGTKVEIK,DIQMTQSPSSVSASVGDRVTITCQASQNI------YSNLAWYQQKPGKAPKLLIYTA-------SYLASGVP-SRFKGSG--SRTDYTLTISSLQPEDFATYYCQTAYYNSRPDTVAFGGGTKVEIK,6_3_13,L
AQN26847.1,DIVMTQAAFSNPVTLGTSASISCRSSKSLLHSNGITYLYWYLQKPGQSPQLLIYQMSNLASGVPDRFSSSGSGTDFTLRISRVEAEDVGVYYCAQNLEYPYTFGSGTKLEIK,DIVMTQAAFSNPVTLGTSASISCRSSKSLLHS-NGITYLYWYLQKPGQSPQLLIYQM-------SNLASGVP-DRFSSSG--SGTDFTLRISRVEAEDVGVYYCAQNLE----YPYTFGSGTKLEIK,11_3_9,L
ABL14385.1,MKLPVRLLVLMFWIPASSSDIVMTQSPLSLPVTPGEPASISCRSSQRLLSSYGHTYLHWYLQKPGQSPQLLIYEVSNRFSGVPDRFSGSGSGTDFTLKISRVEAEDVGVYYCSQSTHVPLTFGQGTKVEIK,DIVMTQSPLSLPVTPGEPASISCRSSQRLLSS-YGHTYLHWYLQKPGQSPQLLIYEV-------SNRFSGVP-DRFSGSG--SGTDFTLKISRVEAEDVGVYYCSQSTH----VPLTFGQGTKVEIK,11_3_9,L
